Team,Year,UID,Win-Loss Record,Win %,ATS Record,Cover %,Over Record,Over %,Under %,Total,Record Wins,Record Losses,Record Tie,ATS Wins,ATS Losses,ATS Tie,OU Wins,OU Losses,OU Tie
New England,2003,2003New England,17-2-0,89.5,14-5-0,73.7,9-10-0,47.4,52.6,-0.6,17,2,0,14,5,0,9,10,0
Kansas City,2003,2003Kansas City,13-4-0,76.5,10-7-0,58.8,11-6-0,64.7,35.3,5.5,13,4,0,10,7,0,11,6,0
Indianapolis,2003,2003Indianapolis,14-5-0,73.7,11-7-1,61.1,12-7-0,63.2,36.8,5.8,14,5,0,11,7,1,12,7,0
Philadelphia,2003,2003Philadelphia,13-5-0,72.2,11-7-0,61.1,9-8-1,52.9,47.1,0.9,13,5,0,11,7,0,9,8,1
Tennessee,2003,2003Tennessee,13-5-0,72.2,10-8-0,55.6,9-9-0,50.0,50.0,3.8,13,5,0,10,8,0,9,9,0
LA Rams,2003,2003LA Rams,12-5-0,70.6,9-7-1,56.3,11-6-0,64.7,35.3,1.9,12,5,0,9,7,1,11,6,0
Carolina,2003,2003Carolina,14-6-0,70.0,10-10-0,50.0,11-8-1,57.9,42.1,2.7,14,6,0,10,10,0,11,8,1
Miami,2003,2003Miami,10-6-0,62.5,7-9-0,43.8,6-10-0,37.5,62.5,-1.2,10,6,0,7,9,0,6,10,0
Green Bay,2003,2003Green Bay,11-7-0,61.1,11-7-0,61.1,10-8-0,55.6,44.4,2.6,11,7,0,11,7,0,10,8,0
Seattle,2003,2003Seattle,10-7-0,58.8,9-8-0,52.9,6-11-0,35.3,64.7,2.1,10,7,0,9,8,0,6,11,0
Dallas,2003,2003Dallas,10-7-0,58.8,9-8-0,52.9,8-9-0,47.1,52.9,-2.1,10,7,0,9,8,0,8,9,0
Baltimore,2003,2003Baltimore,10-7-0,58.8,10-7-0,58.8,9-8-0,52.9,47.1,2.6,10,7,0,10,7,0,9,8,0
Denver,2003,2003Denver,10-7-0,58.8,8-9-0,47.1,8-8-1,50.0,50.0,-0.8,10,7,0,8,9,0,8,8,1
Minnesota,2003,2003Minnesota,9-7-0,56.3,8-7-1,53.3,9-7-0,56.3,43.8,1.5,9,7,0,8,7,1,9,7,0
Cincinnati,2003,2003Cincinnati,8-8-0,50.0,8-7-1,53.3,7-9-0,43.8,56.3,3.1,8,8,0,8,7,1,7,9,0
New Orleans,2003,2003New Orleans,8-8-0,50.0,8-8-0,50.0,5-10-1,33.3,66.7,-0.3,8,8,0,8,8,0,5,10,1
Chicago,2003,2003Chicago,7-9-0,43.8,8-8-0,50.0,7-9-0,43.8,56.3,-1.5,7,9,0,8,8,0,7,9,0
Tampa Bay,2003,2003Tampa Bay,7-9-0,43.8,7-9-0,43.8,6-10-0,37.5,62.5,-2.4,7,9,0,7,9,0,6,10,0
San Francisco,2003,2003San Francisco,7-9-0,43.8,7-6-3,53.9,7-9-0,43.8,56.3,2.6,7,9,0,7,6,3,7,9,0
NY Jets,2003,2003NY Jets,6-10-0,37.5,6-9-1,40.0,7-9-0,43.8,56.3,-2.3,6,10,0,6,9,1,7,9,0
Buffalo,2003,2003Buffalo,6-10-0,37.5,8-7-1,53.3,2-14-0,12.5,87.5,-6.0,6,10,0,8,7,1,2,14,0
Pittsburgh,2003,2003Pittsburgh,6-10-0,37.5,8-8-0,50.0,8-8-0,50.0,50.0,-3.6,6,10,0,8,8,0,8,8,0
Washington,2003,2003Washington,5-11-0,31.3,8-7-1,53.3,7-8-1,46.7,53.3,1.8,5,11,0,8,7,1,7,8,1
Cleveland,2003,2003Cleveland,5-11-0,31.3,6-10-0,37.5,6-9-1,40.0,60.0,-5.9,5,11,0,6,10,0,6,9,1
Detroit,2003,2003Detroit,5-11-0,31.3,7-7-2,50.0,6-10-0,37.5,62.5,-1.7,5,11,0,7,7,2,6,10,0
Jacksonville,2003,2003Jacksonville,5-11-0,31.3,8-8-0,50.0,8-8-0,50.0,50.0,-2.8,5,11,0,8,8,0,8,8,0
Atlanta,2003,2003Atlanta,5-11-0,31.3,7-9-0,43.8,7-9-0,43.8,56.3,4.0,5,11,0,7,9,0,7,9,0
Houston,2003,2003Houston,5-11-0,31.3,9-7-0,56.3,8-7-1,53.3,46.7,0.6,5,11,0,9,7,0,8,7,1
Las Vegas,2003,2003Las Vegas,4-12-0,25.0,3-13-0,18.8,6-10-0,37.5,62.5,-2.9,4,12,0,3,13,0,6,10,0
NY Giants,2003,2003NY Giants,4-12-0,25.0,4-12-0,25.0,6-9-1,40.0,60.0,0.3,4,12,0,4,12,0,6,9,1
Arizona,2003,2003Arizona,4-12-0,25.0,6-10-0,37.5,7-9-0,43.8,56.3,1.2,4,12,0,6,10,0,7,9,0
LA Chargers,2003,2003LA Chargers,4-12-0,25.0,6-10-0,37.5,10-6-0,62.5,37.5,3.9,4,12,0,6,10,0,10,6,0
New England,2004,2004New England,17-2-0,89.5,12-6-1,66.7,9-10-0,47.4,52.6,1.8,17,2,0,12,6,1,9,10,0
Pittsburgh,2004,2004Pittsburgh,16-2-0,88.9,10-8-0,55.6,10-8-0,55.6,44.4,2.3,16,2,0,10,8,0,10,8,0
Philadelphia,2004,2004Philadelphia,15-4-0,79.0,12-7-0,63.2,5-14-0,26.3,73.7,-2.2,15,4,0,12,7,0,5,14,0
Indianapolis,2004,2004Indianapolis,13-5-0,72.2,11-7-0,61.1,10-8-0,55.6,44.4,2.9,13,5,0,11,7,0,10,8,0
LA Chargers,2004,2004LA Chargers,12-5-0,70.6,13-2-2,86.7,9-8-0,52.9,47.1,0.8,12,5,0,13,2,2,9,8,0
Atlanta,2004,2004Atlanta,12-6-0,66.7,8-10-0,44.4,7-11-0,38.9,61.1,-0.1,12,6,0,8,10,0,7,11,0
NY Jets,2004,2004NY Jets,11-7-0,61.1,11-7-0,61.1,8-10-0,44.4,55.6,-2.3,11,7,0,11,7,0,8,10,0
Green Bay,2004,2004Green Bay,10-7-0,58.8,7-10-0,41.2,11-6-0,64.7,35.3,4.8,10,7,0,7,10,0,11,6,0
Denver,2004,2004Denver,10-7-0,58.8,6-8-3,42.9,7-10-0,41.2,58.8,-0.5,10,7,0,6,8,3,7,10,0
Baltimore,2004,2004Baltimore,9-7-0,56.3,9-7-0,56.3,8-8-0,50.0,50.0,-0.3,9,7,0,9,7,0,8,8,0
Jacksonville,2004,2004Jacksonville,9-7-0,56.3,10-6-0,62.5,4-12-0,25.0,75.0,-5.8,9,7,0,10,6,0,4,12,0
Buffalo,2004,2004Buffalo,9-7-0,56.3,11-5-0,68.8,11-5-0,68.8,31.3,5.7,9,7,0,11,5,0,11,5,0
Seattle,2004,2004Seattle,9-8-0,52.9,5-12-0,29.4,11-6-0,64.7,35.3,3.4,9,8,0,5,12,0,11,6,0
Minnesota,2004,2004Minnesota,9-9-0,50.0,8-10-0,44.4,7-11-0,38.9,61.1,0.6,9,9,0,8,10,0,7,11,0
New Orleans,2004,2004New Orleans,8-8-0,50.0,8-8-0,50.0,7-8-1,46.7,53.3,0.9,8,8,0,8,8,0,7,8,1
LA Rams,2004,2004LA Rams,9-9-0,50.0,6-11-1,35.3,10-8-0,55.6,44.4,-0.1,9,9,0,6,11,1,10,8,0
Cincinnati,2004,2004Cincinnati,8-8-0,50.0,8-8-0,50.0,10-6-0,62.5,37.5,6.2,8,8,0,8,8,0,10,6,0
Kansas City,2004,2004Kansas City,7-9-0,43.8,6-10-0,37.5,10-6-0,62.5,37.5,7.3,7,9,0,6,10,0,10,6,0
Houston,2004,2004Houston,7-9-0,43.8,9-7-0,56.3,7-9-0,43.8,56.3,-3.9,7,9,0,9,7,0,7,9,0
Carolina,2004,2004Carolina,7-9-0,43.8,10-6-0,62.5,7-9-0,43.8,56.3,1.6,7,9,0,10,6,0,7,9,0
Dallas,2004,2004Dallas,6-10-0,37.5,7-9-0,43.8,9-7-0,56.3,43.8,3.1,6,10,0,7,9,0,9,7,0
NY Giants,2004,2004NY Giants,6-10-0,37.5,8-8-0,50.0,8-8-0,50.0,50.0,1.3,6,10,0,8,8,0,8,8,0
Detroit,2004,2004Detroit,6-10-0,37.5,8-8-0,50.0,6-10-0,37.5,62.5,-2.2,6,10,0,8,8,0,6,10,0
Arizona,2004,2004Arizona,6-10-0,37.5,9-7-0,56.3,8-8-0,50.0,50.0,-1.9,6,10,0,9,7,0,8,8,0
Washington,2004,2004Washington,6-10-0,37.5,8-8-0,50.0,4-12-0,25.0,75.0,-5.9,6,10,0,8,8,0,4,12,0
Tennessee,2004,2004Tennessee,5-11-0,31.3,5-11-0,31.3,10-6-0,62.5,37.5,4.6,5,11,0,5,11,0,10,6,0
Tampa Bay,2004,2004Tampa Bay,5-11-0,31.3,5-9-2,35.7,5-10-1,33.3,66.7,-1.6,5,11,0,5,9,2,5,10,1
Chicago,2004,2004Chicago,5-11-0,31.3,7-9-0,43.8,5-10-1,33.3,66.7,-2.8,5,11,0,7,9,0,5,10,1
Las Vegas,2004,2004Las Vegas,5-11-0,31.3,6-10-0,37.5,11-5-0,68.8,31.3,2.6,5,11,0,6,10,0,11,5,0
Cleveland,2004,2004Cleveland,4-12-0,25.0,6-10-0,37.5,7-9-0,43.8,56.3,2.8,4,12,0,6,10,0,7,9,0
Miami,2004,2004Miami,4-12-0,25.0,7-9-0,43.8,9-7-0,56.3,43.8,2.5,4,12,0,7,9,0,9,7,0
San Francisco,2004,2004San Francisco,2-14-0,12.5,6-9-1,40.0,8-7-1,53.3,46.7,3.2,2,14,0,6,9,1,8,7,1
Indianapolis,2005,2005Indianapolis,14-3-0,82.4,10-7-0,58.8,6-11-0,35.3,64.7,-4.4,14,3,0,10,7,0,6,11,0
Seattle,2005,2005Seattle,15-4-0,79.0,11-7-1,61.1,7-9-3,43.8,56.3,-0.1,15,4,0,11,7,1,7,9,3
Denver,2005,2005Denver,14-4-0,77.8,12-5-1,70.6,10-8-0,55.6,44.4,-1.2,14,4,0,12,5,1,10,8,0
Pittsburgh,2005,2005Pittsburgh,15-5-0,75.0,13-7-0,65.0,11-9-0,55.0,45.0,0.9,15,5,0,13,7,0,11,9,0
Jacksonville,2005,2005Jacksonville,12-5-0,70.6,10-7-0,58.8,8-9-0,47.1,52.9,0.4,12,5,0,10,7,0,8,9,0
Carolina,2005,2005Carolina,13-6-0,68.4,11-7-1,61.1,9-10-0,47.4,52.6,0.2,13,6,0,11,7,1,9,10,0
Tampa Bay,2005,2005Tampa Bay,11-6-0,64.7,8-8-1,50.0,6-11-0,35.3,64.7,-1.1,11,6,0,8,8,1,6,11,0
NY Giants,2005,2005NY Giants,11-6-0,64.7,11-6-0,64.7,8-8-1,50.0,50.0,2.0,11,6,0,11,6,0,8,8,1
Cincinnati,2005,2005Cincinnati,11-6-0,64.7,8-9-0,47.1,9-8-0,52.9,47.1,5.5,11,6,0,8,9,0,9,8,0
Chicago,2005,2005Chicago,11-6-0,64.7,10-6-1,62.5,5-12-0,29.4,70.6,-3.5,11,6,0,10,6,1,5,12,0
Kansas City,2005,2005Kansas City,10-6-0,62.5,8-6-2,57.1,6-10-0,37.5,62.5,-1.8,10,6,0,8,6,2,6,10,0
New England,2005,2005New England,11-7-0,61.1,9-9-0,50.0,8-9-1,47.1,52.9,0.8,11,7,0,9,9,0,8,9,1
Washington,2005,2005Washington,11-7-0,61.1,11-6-1,64.7,7-10-1,41.2,58.8,0.5,11,7,0,11,6,1,7,10,1
LA Chargers,2005,2005LA Chargers,9-7-0,56.3,9-6-1,60.0,6-10-0,37.5,62.5,-0.5,9,7,0,9,6,1,6,10,0
Miami,2005,2005Miami,9-7-0,56.3,7-9-0,43.8,9-7-0,56.3,43.8,1.3,9,7,0,7,9,0,9,7,0
Dallas,2005,2005Dallas,9-7-0,56.3,7-8-1,46.7,8-8-0,50.0,50.0,-2.0,9,7,0,7,8,1,8,8,0
Minnesota,2005,2005Minnesota,9-7-0,56.3,9-7-0,56.3,5-10-1,33.3,66.7,-0.9,9,7,0,9,7,0,5,10,1
Atlanta,2005,2005Atlanta,8-8-0,50.0,7-8-1,46.7,9-7-0,56.3,43.8,2.5,8,8,0,7,8,1,9,7,0
LA Rams,2005,2005LA Rams,6-10-0,37.5,5-11-0,31.3,9-7-0,56.3,43.8,4.0,6,10,0,5,11,0,9,7,0
Philadelphia,2005,2005Philadelphia,6-10-0,37.5,5-11-0,31.3,8-8-0,50.0,50.0,1.3,6,10,0,5,11,0,8,8,0
Cleveland,2005,2005Cleveland,6-10-0,37.5,8-8-0,50.0,4-11-1,26.7,73.3,-4.8,6,10,0,8,8,0,4,11,1
Baltimore,2005,2005Baltimore,6-10-0,37.5,7-9-0,43.8,5-10-1,33.3,66.7,-0.5,6,10,0,7,9,0,5,10,1
Buffalo,2005,2005Buffalo,5-11-0,31.3,7-8-1,46.7,10-6-0,62.5,37.5,1.9,5,11,0,7,8,1,10,6,0
Arizona,2005,2005Arizona,5-11-0,31.3,6-10-0,37.5,10-6-0,62.5,37.5,1.0,5,11,0,6,10,0,10,6,0
Detroit,2005,2005Detroit,5-11-0,31.3,8-8-0,50.0,6-10-0,37.5,62.5,-0.8,5,11,0,8,8,0,6,10,0
Las Vegas,2005,2005Las Vegas,4-12-0,25.0,5-10-1,33.3,5-10-1,33.3,66.7,-3.6,4,12,0,5,10,1,5,10,1
NY Jets,2005,2005NY Jets,4-12-0,25.0,6-10-0,37.5,8-8-0,50.0,50.0,-0.7,4,12,0,6,10,0,8,8,0
San Francisco,2005,2005San Francisco,4-12-0,25.0,8-8-0,50.0,8-7-1,53.3,46.7,0.2,4,12,0,8,8,0,8,7,1
Tennessee,2005,2005Tennessee,4-12-0,25.0,6-10-0,37.5,9-7-0,56.3,43.8,2.2,4,12,0,6,10,0,9,7,0
Green Bay,2005,2005Green Bay,4-12-0,25.0,6-9-1,40.0,6-9-1,40.0,60.0,-0.4,4,12,0,6,9,1,6,9,1
New Orleans,2005,2005New Orleans,3-13-0,18.8,5-11-0,31.3,7-9-0,43.8,56.3,-2.1,3,13,0,5,11,0,7,9,0
Houston,2005,2005Houston,2-14-0,12.5,7-9-0,43.8,8-8-0,50.0,50.0,2.0,2,14,0,7,9,0,8,8,0
LA Chargers,2006,2006LA Chargers,14-3-0,82.4,9-8-0,52.9,10-7-0,58.8,41.2,7.5,14,3,0,9,8,0,10,7,0
Indianapolis,2006,2006Indianapolis,16-4-0,80.0,12-8-0,60.0,9-11-0,45.0,55.0,1.6,16,4,0,12,8,0,9,11,0
Chicago,2006,2006Chicago,15-4-0,79.0,10-9-0,52.6,13-5-1,72.2,27.8,5.8,15,4,0,10,9,0,13,5,1
Baltimore,2006,2006Baltimore,13-4-0,76.5,10-7-0,58.8,6-10-1,37.5,62.5,-2.9,13,4,0,10,7,0,6,10,1
New England,2006,2006New England,14-5-0,73.7,12-7-0,63.2,8-11-0,42.1,57.9,1.3,14,5,0,12,7,0,8,11,0
Philadelphia,2006,2006Philadelphia,11-7-0,61.1,9-8-1,52.9,9-7-2,56.3,43.8,2.3,11,7,0,9,8,1,9,7,2
New Orleans,2006,2006New Orleans,11-7-0,61.1,10-8-0,55.6,10-8-0,55.6,44.4,3.4,11,7,0,10,8,0,10,8,0
NY Jets,2006,2006NY Jets,10-7-0,58.8,11-6-0,64.7,10-7-0,58.8,41.2,0.7,10,7,0,11,6,0,10,7,0
Denver,2006,2006Denver,9-7-0,56.3,5-11-0,31.3,8-8-0,50.0,50.0,0.1,9,7,0,5,11,0,8,8,0
Seattle,2006,2006Seattle,10-8-0,55.6,7-10-1,41.2,10-8-0,55.6,44.4,1.4,10,8,0,7,10,1,10,8,0
Dallas,2006,2006Dallas,9-8-0,52.9,9-7-1,56.3,9-5-3,64.3,35.7,5.2,9,8,0,9,7,1,9,5,3
Kansas City,2006,2006Kansas City,9-8-0,52.9,8-9-0,47.1,7-9-1,43.8,56.3,-0.3,9,8,0,8,9,0,7,9,1
Tennessee,2006,2006Tennessee,8-8-0,50.0,11-5-0,68.8,12-3-1,80.0,20.0,4.9,8,8,0,11,5,0,12,3,1
Pittsburgh,2006,2006Pittsburgh,8-8-0,50.0,7-8-1,46.7,9-6-1,60.0,40.0,3.2,8,8,0,7,8,1,9,6,1
Jacksonville,2006,2006Jacksonville,8-8-0,50.0,8-8-0,50.0,9-7-0,56.3,43.8,2.4,8,8,0,8,8,0,9,7,0
Green Bay,2006,2006Green Bay,8-8-0,50.0,7-8-1,46.7,7-8-1,46.7,53.3,0.1,8,8,0,7,8,1,7,8,1
LA Rams,2006,2006LA Rams,8-8-0,50.0,9-7-0,56.3,8-7-1,53.3,46.7,2.7,8,8,0,9,7,0,8,7,1
Cincinnati,2006,2006Cincinnati,8-8-0,50.0,8-7-1,53.3,7-9-0,43.8,56.3,-0.9,8,8,0,8,7,1,7,9,0
Carolina,2006,2006Carolina,8-8-0,50.0,6-9-1,40.0,7-9-0,43.8,56.3,-2.6,8,8,0,6,9,1,7,9,0
NY Giants,2006,2006NY Giants,8-9-0,47.1,8-8-1,50.0,8-7-2,53.3,46.7,2.0,8,9,0,8,8,1,8,7,2
Buffalo,2006,2006Buffalo,7-9-0,43.8,10-6-0,62.5,7-9-0,43.8,56.3,0.7,7,9,0,10,6,0,7,9,0
Atlanta,2006,2006Atlanta,7-9-0,43.8,8-8-0,50.0,4-11-1,26.7,73.3,-2.9,7,9,0,8,8,0,4,11,1
San Francisco,2006,2006San Francisco,7-9-0,43.8,9-7-0,56.3,9-7-0,56.3,43.8,2.2,7,9,0,9,7,0,9,7,0
Minnesota,2006,2006Minnesota,6-10-0,37.5,7-9-0,43.8,7-7-2,50.0,50.0,-0.3,6,10,0,7,9,0,7,7,2
Miami,2006,2006Miami,6-10-0,37.5,6-10-0,37.5,6-10-0,37.5,62.5,-3.3,6,10,0,6,10,0,6,10,0
Houston,2006,2006Houston,6-10-0,37.5,7-9-0,43.8,8-8-0,50.0,50.0,-0.6,6,10,0,7,9,0,8,8,0
Arizona,2006,2006Arizona,5-11-0,31.3,8-8-0,50.0,11-5-0,68.8,31.3,0.8,5,11,0,8,8,0,11,5,0
Washington,2006,2006Washington,5-11-0,31.3,5-9-2,35.7,7-6-3,53.9,46.2,2.7,5,11,0,5,9,2,7,6,3
Cleveland,2006,2006Cleveland,4-12-0,25.0,7-8-1,46.7,6-9-1,40.0,60.0,0.3,4,12,0,7,8,1,6,9,1
Tampa Bay,2006,2006Tampa Bay,4-12-0,25.0,6-9-1,40.0,7-9-0,43.8,56.3,-1.9,4,12,0,6,9,1,7,9,0
Detroit,2006,2006Detroit,3-13-0,18.8,6-10-0,37.5,9-7-0,56.3,43.8,1.8,3,13,0,6,10,0,9,7,0
Las Vegas,2006,2006Las Vegas,2-14-0,12.5,6-10-0,37.5,3-12-1,20.0,80.0,-5.9,2,14,0,6,10,0,3,12,1
New England,2007,2007New England,18-1-0,94.7,10-9-0,52.6,11-7-1,61.1,38.9,3.3,18,1,0,10,9,0,11,7,1
Green Bay,2007,2007Green Bay,14-4-0,77.8,13-4-1,76.5,14-4-0,77.8,22.2,4.9,14,4,0,13,4,1,14,4,0
Indianapolis,2007,2007Indianapolis,13-4-0,76.5,9-8-0,52.9,8-9-0,47.1,52.9,-0.5,13,4,0,9,8,0,8,9,0
Dallas,2007,2007Dallas,13-4-0,76.5,9-8-0,52.9,10-7-0,58.8,41.2,2.2,13,4,0,9,8,0,10,7,0
NY Giants,2007,2007NY Giants,14-6-0,70.0,14-6-0,70.0,9-11-0,45.0,55.0,0.8,14,6,0,14,6,0,9,11,0
LA Chargers,2007,2007LA Chargers,13-6-0,68.4,14-5-0,73.7,9-8-2,52.9,47.1,-0.5,13,6,0,14,5,0,9,8,2
Jacksonville,2007,2007Jacksonville,12-6-0,66.7,12-6-0,66.7,12-4-2,75.0,25.0,6.7,12,6,0,12,6,0,12,4,2
Cleveland,2007,2007Cleveland,10-6-0,62.5,12-4-0,75.0,9-6-1,60.0,40.0,4.8,10,6,0,12,4,0,9,6,1
Seattle,2007,2007Seattle,11-7-0,61.1,10-8-0,55.6,9-9-0,50.0,50.0,2.8,11,7,0,10,8,0,9,9,0
Pittsburgh,2007,2007Pittsburgh,10-7-0,58.8,9-8-0,52.9,9-8-0,52.9,47.1,2.2,10,7,0,9,8,0,9,8,0
Tennessee,2007,2007Tennessee,10-7-0,58.8,8-9-0,47.1,5-11-1,31.3,68.8,-3.0,10,7,0,8,9,0,5,11,1
Washington,2007,2007Washington,9-8-0,52.9,7-8-2,46.7,8-9-0,47.1,52.9,1.4,9,8,0,7,8,2,8,9,0
Tampa Bay,2007,2007Tampa Bay,9-8-0,52.9,9-8-0,52.9,9-8-0,52.9,47.1,-1.1,9,8,0,9,8,0,9,8,0
Philadelphia,2007,2007Philadelphia,8-8-0,50.0,8-8-0,50.0,7-9-0,43.8,56.3,-3.3,8,8,0,8,8,0,7,9,0
Arizona,2007,2007Arizona,8-8-0,50.0,9-7-0,56.3,11-5-0,68.8,31.3,6.9,8,8,0,9,7,0,11,5,0
Minnesota,2007,2007Minnesota,8-8-0,50.0,7-7-2,50.0,8-7-1,53.3,46.7,2.7,8,8,0,7,7,2,8,7,1
Houston,2007,2007Houston,8-8-0,50.0,8-8-0,50.0,9-6-1,60.0,40.0,5.1,8,8,0,8,8,0,9,6,1
Cincinnati,2007,2007Cincinnati,7-9-0,43.8,7-9-0,43.8,7-9-0,43.8,56.3,2.6,7,9,0,7,9,0,7,9,0
Detroit,2007,2007Detroit,7-9-0,43.8,6-9-1,40.0,11-5-0,68.8,31.3,4.6,7,9,0,6,9,1,11,5,0
Chicago,2007,2007Chicago,7-9-0,43.8,7-9-0,43.8,9-7-0,56.3,43.8,2.4,7,9,0,7,9,0,9,7,0
Denver,2007,2007Denver,7-9-0,43.8,5-11-0,31.3,11-4-1,73.3,26.7,4.4,7,9,0,5,11,0,11,4,1
Buffalo,2007,2007Buffalo,7-9-0,43.8,9-6-1,60.0,7-9-0,43.8,56.3,-0.8,7,9,0,9,6,1,7,9,0
New Orleans,2007,2007New Orleans,7-9-0,43.8,6-10-0,37.5,10-6-0,62.5,37.5,3.5,7,9,0,6,10,0,10,6,0
Carolina,2007,2007Carolina,7-9-0,43.8,8-8-0,50.0,6-10-0,37.5,62.5,-0.6,7,9,0,8,8,0,6,10,0
San Francisco,2007,2007San Francisco,5-11-0,31.3,5-11-0,31.3,6-10-0,37.5,62.5,-2.9,5,11,0,5,11,0,6,10,0
Baltimore,2007,2007Baltimore,5-11-0,31.3,3-13-0,18.8,9-5-2,64.3,35.7,2.8,5,11,0,3,13,0,9,5,2
NY Jets,2007,2007NY Jets,4-12-0,25.0,6-9-1,40.0,6-9-1,40.0,60.0,-1.1,4,12,0,6,9,1,6,9,1
Atlanta,2007,2007Atlanta,4-12-0,25.0,8-8-0,50.0,9-7-0,56.3,43.8,2.9,4,12,0,8,8,0,9,7,0
Las Vegas,2007,2007Las Vegas,4-12-0,25.0,6-10-0,37.5,10-5-1,66.7,33.3,2.8,4,12,0,6,10,0,10,5,1
Kansas City,2007,2007Kansas City,4-12-0,25.0,7-8-1,46.7,8-8-0,50.0,50.0,-2.5,4,12,0,7,8,1,8,8,0
LA Rams,2007,2007LA Rams,3-13-0,18.8,5-11-0,31.3,7-9-0,43.8,56.3,0.7,3,13,0,5,11,0,7,9,0
Miami,2007,2007Miami,1-15-0,6.3,5-8-3,38.5,9-7-0,56.3,43.8,3.2,1,15,0,5,8,3,9,7,0
Pittsburgh,2008,2008Pittsburgh,15-4-0,79.0,11-8-0,57.9,11-8-0,57.9,42.1,-0.7,15,4,0,11,8,0,11,8,0
Tennessee,2008,2008Tennessee,13-4-0,76.5,12-5-0,70.6,8-9-0,47.1,52.9,-1.0,13,4,0,12,5,0,8,9,0
NY Giants,2008,2008NY Giants,12-5-0,70.6,12-5-0,70.6,8-8-1,50.0,50.0,2.1,12,5,0,12,5,0,8,8,1
Indianapolis,2008,2008Indianapolis,12-5-0,70.6,8-8-1,50.0,8-9-0,47.1,52.9,-1.8,12,5,0,8,8,1,8,9,0
Carolina,2008,2008Carolina,12-5-0,70.6,9-7-1,56.3,8-9-0,47.1,52.9,5.0,12,5,0,9,7,1,8,9,0
New England,2008,2008New England,11-5-0,68.8,9-7-0,56.3,8-7-1,53.3,46.7,3.9,11,5,0,9,7,0,8,7,1
Baltimore,2008,2008Baltimore,13-6-0,68.4,14-5-0,73.7,10-8-1,55.6,44.4,1.4,13,6,0,14,5,0,10,8,1
Atlanta,2008,2008Atlanta,11-6-0,64.7,9-8-0,52.9,8-9-0,47.1,52.9,1.3,11,6,0,9,8,0,8,9,0
Miami,2008,2008Miami,11-6-0,64.7,8-9-0,47.1,6-11-0,35.3,64.7,-0.1,11,6,0,8,9,0,6,11,0
Philadelphia,2008,2008Philadelphia,11-7-1,61.1,12-7-0,63.2,9-10-0,47.4,52.6,1.8,11,7,1,12,7,0,9,10,0
Arizona,2008,2008Arizona,12-8-0,60.0,13-7-0,65.0,14-6-0,70.0,30.0,6.5,12,8,0,13,7,0,14,6,0
Minnesota,2008,2008Minnesota,10-7-0,58.8,6-11-0,35.3,9-8-0,52.9,47.1,2.4,10,7,0,6,11,0,9,8,0
NY Jets,2008,2008NY Jets,9-7-0,56.3,7-9-0,43.8,8-7-1,53.3,46.7,5.4,9,7,0,7,9,0,8,7,1
Dallas,2008,2008Dallas,9-7-0,56.3,7-9-0,43.8,9-7-0,56.3,43.8,0.8,9,7,0,7,9,0,9,7,0
Chicago,2008,2008Chicago,9-7-0,56.3,6-8-2,42.9,7-9-0,43.8,56.3,3.9,9,7,0,6,8,2,7,9,0
Tampa Bay,2008,2008Tampa Bay,9-7-0,56.3,8-8-0,50.0,8-8-0,50.0,50.0,2.3,9,7,0,8,8,0,8,8,0
Denver,2008,2008Denver,8-8-0,50.0,4-11-1,26.7,8-7-1,53.3,46.7,3.7,8,8,0,4,11,1,8,7,1
Washington,2008,2008Washington,8-8-0,50.0,6-9-1,40.0,3-12-1,20.0,80.0,-5.5,8,8,0,6,9,1,3,12,1
Houston,2008,2008Houston,8-8-0,50.0,8-8-0,50.0,10-5-1,66.7,33.3,1.7,8,8,0,8,8,0,10,5,1
LA Chargers,2008,2008LA Chargers,9-9-0,50.0,8-9-1,47.1,9-8-1,52.9,47.1,4.5,9,9,0,8,9,1,9,8,1
New Orleans,2008,2008New Orleans,8-8-0,50.0,10-5-1,66.7,10-5-1,66.7,33.3,5.6,8,8,0,10,5,1,10,5,1
Buffalo,2008,2008Buffalo,7-9-0,43.8,7-9-0,43.8,8-7-1,53.3,46.7,1.1,7,9,0,7,9,0,8,7,1
San Francisco,2008,2008San Francisco,7-9-0,43.8,8-8-0,50.0,8-7-1,53.3,46.7,1.9,7,9,0,8,8,0,8,7,1
Green Bay,2008,2008Green Bay,6-10-0,37.5,8-8-0,50.0,9-6-1,60.0,40.0,6.0,6,10,0,8,8,0,9,6,1
Jacksonville,2008,2008Jacksonville,5-11-0,31.3,4-12-0,25.0,6-9-1,40.0,60.0,0.3,5,11,0,4,12,0,6,9,1
Las Vegas,2008,2008Las Vegas,5-11-0,31.3,7-9-0,43.8,6-8-2,42.9,57.1,0.5,5,11,0,7,9,0,6,8,2
Cincinnati,2008,2008Cincinnati,4-11-1,26.7,7-9-0,43.8,5-10-1,33.3,66.7,-3.8,4,11,1,7,9,0,5,10,1
Seattle,2008,2008Seattle,4-12-0,25.0,7-8-1,46.7,7-7-2,50.0,50.0,0.4,4,12,0,7,8,1,7,7,2
Cleveland,2008,2008Cleveland,4-12-0,25.0,6-9-1,40.0,7-9-0,43.8,56.3,-4.6,4,12,0,6,9,1,7,9,0
Kansas City,2008,2008Kansas City,2-14-0,12.5,8-8-0,50.0,8-8-0,50.0,50.0,4.3,2,14,0,8,8,0,8,8,0
LA Rams,2008,2008LA Rams,2-14-0,12.5,6-10-0,37.5,7-8-1,46.7,53.3,-0.7,2,14,0,6,10,0,7,8,1
Detroit,2008,2008Detroit,0-16-0,0.0,7-9-0,43.8,10-5-1,66.7,33.3,4.8,0,16,0,7,9,0,10,5,1
Indianapolis,2009,2009Indianapolis,16-3-0,84.2,12-6-1,66.7,10-9-0,52.6,47.4,-0.4,16,3,0,12,6,1,10,9,0
New Orleans,2009,2009New Orleans,16-3-0,84.2,10-9-0,52.6,9-10-0,47.4,52.6,2.9,16,3,0,10,9,0,9,10,0
LA Chargers,2009,2009LA Chargers,13-4-0,76.5,8-8-1,50.0,10-6-1,62.5,37.5,3.4,13,4,0,8,8,1,10,6,1
Minnesota,2009,2009Minnesota,13-5-0,72.2,11-6-1,64.7,9-9-0,50.0,50.0,3.6,13,5,0,11,6,1,9,9,0
Dallas,2009,2009Dallas,12-6-0,66.7,10-8-0,55.6,7-11-0,38.9,61.1,-6.9,12,6,0,10,8,0,7,11,0
Green Bay,2009,2009Green Bay,11-6-0,64.7,11-5-1,68.8,9-8-0,52.9,47.1,5.9,11,6,0,11,5,1,9,8,0
Philadelphia,2009,2009Philadelphia,11-6-0,64.7,9-8-0,52.9,11-6-0,64.7,35.3,4.5,11,6,0,9,8,0,11,6,0
Arizona,2009,2009Arizona,11-7-0,61.1,10-8-0,55.6,7-11-0,38.9,61.1,1.1,11,7,0,10,8,0,7,11,0
New England,2009,2009New England,10-7-0,58.8,8-8-1,50.0,6-10-1,37.5,62.5,-0.6,10,7,0,8,8,1,6,10,1
Cincinnati,2009,2009Cincinnati,10-7-0,58.8,7-10-0,41.2,8-9-0,47.1,52.9,-2.9,10,7,0,7,10,0,8,9,0
NY Jets,2009,2009NY Jets,11-8-0,57.9,11-8-0,57.9,9-9-1,50.0,50.0,-2.4,11,8,0,11,8,0,9,9,1
Pittsburgh,2009,2009Pittsburgh,9-7-0,56.3,5-10-1,33.3,9-6-1,60.0,40.0,3.3,9,7,0,5,10,1,9,6,1
Atlanta,2009,2009Atlanta,9-7-0,56.3,11-5-0,68.8,7-9-0,43.8,56.3,-1.4,9,7,0,11,5,0,7,9,0
Houston,2009,2009Houston,9-7-0,56.3,7-8-1,46.7,5-10-1,33.3,66.7,-0.8,9,7,0,7,8,1,5,10,1
Baltimore,2009,2009Baltimore,10-8-0,55.6,9-8-1,52.9,7-10-1,41.2,58.8,-1.4,10,8,0,9,8,1,7,10,1
Tennessee,2009,2009Tennessee,8-8-0,50.0,6-10-0,37.5,9-7-0,56.3,43.8,5.0,8,8,0,6,10,0,9,7,0
NY Giants,2009,2009NY Giants,8-8-0,50.0,6-9-1,40.0,11-4-1,73.3,26.7,7.7,8,8,0,6,9,1,11,4,1
Denver,2009,2009Denver,8-8-0,50.0,9-7-0,56.3,7-9-0,43.8,56.3,-0.1,8,8,0,9,7,0,7,9,0
San Francisco,2009,2009San Francisco,8-8-0,50.0,10-4-2,71.4,5-11-0,31.3,68.8,-3.4,8,8,0,10,4,2,5,11,0
Carolina,2009,2009Carolina,8-8-0,50.0,9-7-0,56.3,6-10-0,37.5,62.5,-3.7,8,8,0,9,7,0,6,10,0
Chicago,2009,2009Chicago,7-9-0,43.8,6-10-0,37.5,6-10-0,37.5,62.5,1.3,7,9,0,6,10,0,6,10,0
Jacksonville,2009,2009Jacksonville,7-9-0,43.8,5-11-0,31.3,8-8-0,50.0,50.0,-1.1,7,9,0,5,11,0,8,8,0
Miami,2009,2009Miami,7-9-0,43.8,8-8-0,50.0,9-6-1,60.0,40.0,4.0,7,9,0,8,8,0,9,6,1
Buffalo,2009,2009Buffalo,6-10-0,37.5,8-8-0,50.0,6-10-0,37.5,62.5,-3.7,6,10,0,8,8,0,6,10,0
Cleveland,2009,2009Cleveland,5-11-0,31.3,10-6-0,62.5,7-9-0,43.8,56.3,0.1,5,11,0,10,6,0,7,9,0
Las Vegas,2009,2009Las Vegas,5-11-0,31.3,8-8-0,50.0,7-9-0,43.8,56.3,-2.6,5,11,0,8,8,0,7,9,0
Seattle,2009,2009Seattle,5-11-0,31.3,6-10-0,37.5,7-9-0,43.8,56.3,-1.1,5,11,0,6,10,0,7,9,0
Kansas City,2009,2009Kansas City,4-12-0,25.0,7-9-0,43.8,9-5-2,64.3,35.7,5.0,4,12,0,7,9,0,9,5,2
Washington,2009,2009Washington,4-12-0,25.0,6-8-2,42.9,9-7-0,56.3,43.8,-1.7,4,12,0,6,8,2,9,7,0
Tampa Bay,2009,2009Tampa Bay,3-13-0,18.8,6-10-0,37.5,6-10-0,37.5,62.5,-2.2,3,13,0,6,10,0,6,10,0
Detroit,2009,2009Detroit,2-14-0,12.5,4-11-1,26.7,8-8-0,50.0,50.0,3.3,2,14,0,4,11,1,8,8,0
LA Rams,2009,2009LA Rams,1-15-0,6.3,7-9-0,43.8,7-9-0,43.8,56.3,-4.0,1,15,0,7,9,0,7,9,0
New England,2010,2010New England,14-3-0,82.4,10-6-1,62.5,14-3-0,82.4,17.7,6.9,14,3,0,10,6,1,14,3,0
Atlanta,2010,2010Atlanta,13-4-0,76.5,11-6-0,64.7,10-5-2,66.7,33.3,1.6,13,4,0,11,6,0,10,5,2
Pittsburgh,2010,2010Pittsburgh,14-5-0,73.7,12-7-0,63.2,10-9-0,52.6,47.4,0.8,14,5,0,12,7,0,10,9,0
Baltimore,2010,2010Baltimore,13-5-0,72.2,9-8-1,52.9,8-10-0,44.4,55.6,-0.3,13,5,0,9,8,1,8,10,0
Green Bay,2010,2010Green Bay,14-6-0,70.0,13-7-0,65.0,8-12-0,40.0,60.0,-3.2,14,6,0,13,7,0,8,12,0
NY Jets,2010,2010NY Jets,13-6-0,68.4,11-8-0,57.9,14-5-0,73.7,26.3,2.0,13,6,0,11,8,0,14,5,0
Chicago,2010,2010Chicago,12-6-0,66.7,10-7-1,58.8,8-10-0,44.4,55.6,-0.9,12,6,0,10,7,1,8,10,0
New Orleans,2010,2010New Orleans,11-6-0,64.7,7-10-0,41.2,9-8-0,52.9,47.1,-0.4,11,6,0,7,10,0,9,8,0
NY Giants,2010,2010NY Giants,10-6-0,62.5,7-9-0,43.8,9-7-0,56.3,43.8,1.8,10,6,0,7,9,0,9,7,0
Tampa Bay,2010,2010Tampa Bay,10-6-0,62.5,9-5-2,64.3,7-8-1,46.7,53.3,0.7,10,6,0,9,5,2,7,8,1
Philadelphia,2010,2010Philadelphia,10-7-0,58.8,8-9-0,47.1,10-7-0,58.8,41.2,5.3,10,7,0,8,9,0,10,7,0
Indianapolis,2010,2010Indianapolis,10-7-0,58.8,8-8-1,50.0,10-6-1,62.5,37.5,3.2,10,7,0,8,8,1,10,6,1
Kansas City,2010,2010Kansas City,10-7-0,58.8,9-8-0,52.9,7-10-0,41.2,58.8,-0.4,10,7,0,9,8,0,7,10,0
LA Chargers,2010,2010LA Chargers,9-7-0,56.3,8-8-0,50.0,8-7-1,53.3,46.7,1.4,9,7,0,8,8,0,8,7,1
Jacksonville,2010,2010Jacksonville,8-8-0,50.0,9-7-0,56.3,11-5-0,68.8,31.3,4.2,8,8,0,9,7,0,11,5,0
Las Vegas,2010,2010Las Vegas,8-8-0,50.0,8-8-0,50.0,10-6-0,62.5,37.5,7.3,8,8,0,8,8,0,10,6,0
Seattle,2010,2010Seattle,8-10-0,44.4,8-10-0,44.4,13-4-1,76.5,23.5,5.5,8,10,0,8,10,0,13,4,1
LA Rams,2010,2010LA Rams,7-9-0,43.8,10-6-0,62.5,6-10-0,37.5,62.5,-2.9,7,9,0,10,6,0,6,10,0
Miami,2010,2010Miami,7-9-0,43.8,8-8-0,50.0,7-9-0,43.8,56.3,-3.3,7,9,0,8,8,0,7,9,0
Dallas,2010,2010Dallas,6-10-0,37.5,6-10-0,37.5,13-3-0,81.3,18.8,6.6,6,10,0,6,10,0,13,3,0
Washington,2010,2010Washington,6-10-0,37.5,8-5-3,61.5,6-10-0,37.5,62.5,-0.7,6,10,0,8,5,3,6,10,0
Minnesota,2010,2010Minnesota,6-10-0,37.5,5-11-0,31.3,7-9-0,43.8,56.3,-3.3,6,10,0,5,11,0,7,9,0
Detroit,2010,2010Detroit,6-10-0,37.5,12-4-0,75.0,10-5-1,66.7,33.3,1.3,6,10,0,12,4,0,10,5,1
Tennessee,2010,2010Tennessee,6-10-0,37.5,8-8-0,50.0,9-7-0,56.3,43.8,0.1,6,10,0,8,8,0,9,7,0
Houston,2010,2010Houston,6-10-0,37.5,5-10-1,33.3,11-5-0,68.8,31.3,3.6,6,10,0,5,10,1,11,5,0
San Francisco,2010,2010San Francisco,6-10-0,37.5,7-9-0,43.8,9-6-1,60.0,40.0,0.2,6,10,0,7,9,0,9,6,1
Arizona,2010,2010Arizona,5-11-0,31.3,5-11-0,31.3,10-6-0,62.5,37.5,3.2,5,11,0,5,11,0,10,6,0
Cleveland,2010,2010Cleveland,5-11-0,31.3,5-10-1,33.3,9-7-0,56.3,43.8,-1.9,5,11,0,5,10,1,9,7,0
Denver,2010,2010Denver,4-12-0,25.0,6-10-0,37.5,10-6-0,62.5,37.5,6.5,4,12,0,6,10,0,10,6,0
Buffalo,2010,2010Buffalo,4-12-0,25.0,8-7-1,53.3,7-9-0,43.8,56.3,2.6,4,12,0,8,7,1,7,9,0
Cincinnati,2010,2010Cincinnati,4-12-0,25.0,7-9-0,43.8,8-8-0,50.0,50.0,3.0,4,12,0,7,9,0,8,8,0
Carolina,2010,2010Carolina,2-14-0,12.5,4-12-0,25.0,6-8-2,42.9,57.1,-0.6,2,14,0,4,12,0,6,8,2
Green Bay,2011,2011Green Bay,15-2-0,88.2,11-6-0,64.7,12-5-0,70.6,29.4,9.0,15,2,0,11,6,0,12,5,0
New England,2011,2011New England,15-4-0,79.0,10-9-0,52.6,12-7-0,63.2,36.8,1.7,15,4,0,10,9,0,12,7,0
San Francisco,2011,2011San Francisco,14-4-0,77.8,13-4-1,76.5,8-10-0,44.4,55.6,-0.4,14,4,0,13,4,1,8,10,0
New Orleans,2011,2011New Orleans,14-4-0,77.8,13-5-0,72.2,11-7-0,61.1,38.9,6.6,14,4,0,13,5,0,11,7,0
Baltimore,2011,2011Baltimore,13-5-0,72.2,9-8-1,52.9,9-9-0,50.0,50.0,-0.8,13,5,0,9,8,1,9,9,0
Pittsburgh,2011,2011Pittsburgh,12-5-0,70.6,7-10-0,41.2,7-10-0,41.2,58.8,-4.8,12,5,0,7,10,0,7,10,0
NY Giants,2011,2011NY Giants,13-7-0,65.0,12-7-1,63.2,9-10-1,47.4,52.6,0.6,13,7,0,12,7,1,9,10,1
Houston,2011,2011Houston,11-7-0,61.1,12-5-1,70.6,6-11-1,35.3,64.7,-1.8,11,7,0,12,5,1,6,11,1
Atlanta,2011,2011Atlanta,10-7-0,58.8,7-8-2,46.7,7-10-0,41.2,58.8,-0.1,10,7,0,7,8,2,7,10,0
Detroit,2011,2011Detroit,10-7-0,58.8,7-8-2,46.7,11-6-0,64.7,35.3,7.3,10,7,0,7,8,2,11,6,0
Tennessee,2011,2011Tennessee,9-7-0,56.3,6-9-1,40.0,6-9-1,40.0,60.0,-1.8,9,7,0,6,9,1,6,9,1
Cincinnati,2011,2011Cincinnati,9-8-0,52.9,8-7-2,53.3,12-4-1,75.0,25.0,2.3,9,8,0,8,7,2,12,4,1
Las Vegas,2011,2011Las Vegas,8-8-0,50.0,9-6-1,60.0,10-6-0,62.5,37.5,4.4,8,8,0,9,6,1,10,6,0
LA Chargers,2011,2011LA Chargers,8-8-0,50.0,6-10-0,37.5,8-8-0,50.0,50.0,2.6,8,8,0,6,10,0,8,8,0
Denver,2011,2011Denver,9-9-0,50.0,8-10-0,44.4,11-7-0,61.1,38.9,2.7,9,9,0,8,10,0,11,7,0
NY Jets,2011,2011NY Jets,8-8-0,50.0,6-10-0,37.5,10-6-0,62.5,37.5,4.1,8,8,0,6,10,0,10,6,0
Philadelphia,2011,2011Philadelphia,8-8-0,50.0,8-8-0,50.0,7-7-2,50.0,50.0,-1.4,8,8,0,8,8,0,7,7,2
Arizona,2011,2011Arizona,8-8-0,50.0,9-7-0,56.3,7-8-1,46.7,53.3,-1.1,8,8,0,9,7,0,7,8,1
Dallas,2011,2011Dallas,8-8-0,50.0,5-10-1,33.3,6-10-0,37.5,62.5,-1.8,8,8,0,5,10,1,6,10,0
Chicago,2011,2011Chicago,8-8-0,50.0,8-8-0,50.0,9-7-0,56.3,43.8,1.5,8,8,0,8,8,0,9,7,0
Kansas City,2011,2011Kansas City,7-9-0,43.8,9-7-0,56.3,4-12-0,25.0,75.0,-7.0,7,9,0,9,7,0,4,12,0
Seattle,2011,2011Seattle,7-9-0,43.8,9-6-1,60.0,9-7-0,56.3,43.8,-0.2,7,9,0,9,6,1,9,7,0
Buffalo,2011,2011Buffalo,6-10-0,37.5,6-9-1,40.0,11-5-0,68.8,31.3,4.5,6,10,0,6,9,1,11,5,0
Miami,2011,2011Miami,6-10-0,37.5,9-7-0,56.3,4-12-0,25.0,75.0,-3.3,6,10,0,9,7,0,4,12,0
Carolina,2011,2011Carolina,6-10-0,37.5,9-7-0,56.3,10-6-0,62.5,37.5,5.8,6,10,0,9,7,0,10,6,0
Washington,2011,2011Washington,5-11-0,31.3,7-9-0,43.8,7-8-1,46.7,53.3,-1.9,5,11,0,7,9,0,7,8,1
Jacksonville,2011,2011Jacksonville,5-11-0,31.3,7-8-1,46.7,5-11-0,31.3,68.8,-3.5,5,11,0,7,8,1,5,11,0
Tampa Bay,2011,2011Tampa Bay,4-12-0,25.0,4-12-0,25.0,10-6-0,62.5,37.5,3.7,4,12,0,4,12,0,10,6,0
Cleveland,2011,2011Cleveland,4-12-0,25.0,8-7-1,53.3,4-10-2,28.6,71.4,-5.8,4,12,0,8,7,1,4,10,2
Minnesota,2011,2011Minnesota,3-13-0,18.8,6-8-2,42.9,10-6-0,62.5,37.5,4.8,3,13,0,6,8,2,10,6,0
LA Rams,2011,2011LA Rams,2-14-0,12.5,3-12-1,20.0,5-9-2,35.7,64.3,-3.5,2,14,0,3,12,1,5,9,2
Indianapolis,2011,2011Indianapolis,2-14-0,12.5,6-10-0,37.5,7-9-0,43.8,56.3,0.2,2,14,0,6,10,0,7,9,0
Atlanta,2012,2012Atlanta,14-4-0,77.8,9-7-2,56.3,7-11-0,38.9,61.1,-2.2,14,4,0,9,7,2,7,11,0
Denver,2012,2012Denver,13-4-0,76.5,10-7-0,58.8,11-5-1,68.8,31.3,2.7,13,4,0,10,7,0,11,5,1
San Francisco,2012,2012San Francisco,13-5-1,72.2,10-8-1,55.6,12-6-1,66.7,33.3,2.7,13,5,1,10,8,1,12,6,1
New England,2012,2012New England,13-5-0,72.2,10-7-1,58.8,12-6-0,66.7,33.3,6.4,13,5,0,10,7,1,12,6,0
Houston,2012,2012Houston,13-5-0,72.2,10-8-0,55.6,8-10-0,44.4,55.6,2.3,13,5,0,10,8,0,8,10,0
Baltimore,2012,2012Baltimore,14-6-0,70.0,10-9-1,52.6,10-9-1,52.6,47.4,2.2,14,6,0,10,9,1,10,9,1
Green Bay,2012,2012Green Bay,12-6-0,66.7,10-8-0,55.6,9-9-0,50.0,50.0,1.8,12,6,0,10,8,0,9,9,0
Seattle,2012,2012Seattle,12-6-0,66.7,13-5-0,72.2,9-9-0,50.0,50.0,0.8,12,6,0,13,5,0,9,9,0
Indianapolis,2012,2012Indianapolis,11-6-0,64.7,11-6-0,64.7,5-11-1,31.3,68.8,-0.8,11,6,0,11,6,0,5,11,1
Chicago,2012,2012Chicago,10-6-0,62.5,7-9-0,43.8,9-7-0,56.3,43.8,-0.5,10,6,0,7,9,0,9,7,0
Cincinnati,2012,2012Cincinnati,10-7-0,58.8,9-7-1,56.3,6-11-0,35.3,64.7,-1.0,10,7,0,9,7,1,6,11,0
Washington,2012,2012Washington,10-7-0,58.8,11-6-0,64.7,9-8-0,52.9,47.1,4.1,10,7,0,11,6,0,9,8,0
Minnesota,2012,2012Minnesota,10-7-0,58.8,8-8-1,50.0,7-10-0,41.2,58.8,1.9,10,7,0,8,8,1,7,10,0
NY Giants,2012,2012NY Giants,9-7-0,56.3,7-8-1,46.7,5-11-0,31.3,68.8,0.6,9,7,0,7,8,1,5,11,0
Dallas,2012,2012Dallas,8-8-0,50.0,6-10-0,37.5,8-8-0,50.0,50.0,2.8,8,8,0,6,10,0,8,8,0
Pittsburgh,2012,2012Pittsburgh,8-8-0,50.0,6-9-1,40.0,7-9-0,43.8,56.3,-1.3,8,8,0,6,9,1,7,9,0
LA Rams,2012,2012LA Rams,7-8-1,46.7,11-5-0,68.8,8-8-0,50.0,50.0,-0.7,7,8,1,11,5,0,8,8,0
Tampa Bay,2012,2012Tampa Bay,7-9-0,43.8,10-5-1,66.7,9-7-0,56.3,43.8,2.4,7,9,0,10,5,1,9,7,0
Carolina,2012,2012Carolina,7-9-0,43.8,9-7-0,56.3,9-7-0,56.3,43.8,-1.4,7,9,0,9,7,0,9,7,0
LA Chargers,2012,2012LA Chargers,7-9-0,43.8,7-9-0,43.8,10-6-0,62.5,37.5,-0.8,7,9,0,7,9,0,10,6,0
Miami,2012,2012Miami,7-9-0,43.8,7-8-1,46.7,5-10-1,33.3,66.7,-4.3,7,9,0,7,8,1,5,10,1
New Orleans,2012,2012New Orleans,7-9-0,43.8,8-8-0,50.0,10-6-0,62.5,37.5,4.4,7,9,0,8,8,0,10,6,0
Buffalo,2012,2012Buffalo,6-10-0,37.5,7-9-0,43.8,8-8-0,50.0,50.0,3.5,6,10,0,7,9,0,8,8,0
NY Jets,2012,2012NY Jets,6-10-0,37.5,7-9-0,43.8,6-8-2,42.9,57.1,0.0,6,10,0,7,9,0,6,8,2
Tennessee,2012,2012Tennessee,6-10-0,37.5,6-10-0,37.5,9-7-0,56.3,43.8,5.2,6,10,0,6,10,0,9,7,0
Cleveland,2012,2012Cleveland,5-11-0,31.3,8-7-1,53.3,6-10-0,37.5,62.5,0.5,5,11,0,8,7,1,6,10,0
Arizona,2012,2012Arizona,5-11-0,31.3,7-8-1,46.7,7-9-0,43.8,56.3,-2.2,5,11,0,7,8,1,7,9,0
Philadelphia,2012,2012Philadelphia,4-12-0,25.0,3-12-1,20.0,8-7-1,53.3,46.7,0.1,4,12,0,3,12,1,8,7,1
Detroit,2012,2012Detroit,4-12-0,25.0,6-10-0,37.5,10-5-1,66.7,33.3,3.5,4,12,0,6,10,0,10,5,1
Las Vegas,2012,2012Las Vegas,4-12-0,25.0,5-11-0,31.3,7-9-0,43.8,56.3,-0.1,4,12,0,5,11,0,7,9,0
Jacksonville,2012,2012Jacksonville,2-14-0,12.5,7-9-0,43.8,7-9-0,43.8,56.3,1.2,2,14,0,7,9,0,7,9,0
Kansas City,2012,2012Kansas City,2-14-0,12.5,5-11-0,31.3,7-8-1,46.7,53.3,-2.9,2,14,0,5,11,0,7,8,1
Seattle,2013,2013Seattle,16-3-0,84.2,13-6-0,68.4,7-12-0,36.8,63.2,-2.2,16,3,0,13,6,0,7,12,0
Denver,2013,2013Denver,15-4-0,79.0,11-7-1,61.1,12-7-0,63.2,36.8,6.8,15,4,0,11,7,1,12,7,0
San Francisco,2013,2013San Francisco,14-5-0,73.7,12-7-0,63.2,8-11-0,42.1,57.9,-1.4,14,5,0,12,7,0,8,11,0
New England,2013,2013New England,13-5-0,72.2,9-9-0,50.0,10-8-0,55.6,44.4,1.7,13,5,0,9,9,0,10,8,0
Carolina,2013,2013Carolina,12-5-0,70.6,9-7-1,56.3,4-12-1,25.0,75.0,-5.9,12,5,0,9,7,1,4,12,1
Indianapolis,2013,2013Indianapolis,12-6-0,66.7,10-7-1,58.8,10-8-0,55.6,44.4,3.1,12,6,0,10,7,1,10,8,0
New Orleans,2013,2013New Orleans,12-6-0,66.7,10-8-0,55.6,5-12-1,29.4,70.6,-4.4,12,6,0,10,8,0,5,12,1
Cincinnati,2013,2013Cincinnati,11-6-0,64.7,10-6-1,62.5,10-6-1,62.5,37.5,1.4,11,6,0,10,6,1,10,6,1
Kansas City,2013,2013Kansas City,11-6-0,64.7,9-8-0,52.9,8-9-0,47.1,52.9,4.4,11,6,0,9,8,0,8,9,0
Arizona,2013,2013Arizona,10-6-0,62.5,10-5-1,66.7,8-8-0,50.0,50.0,0.9,10,6,0,10,5,1,8,8,0
Philadelphia,2013,2013Philadelphia,10-7-0,58.8,8-9-0,47.1,9-8-0,52.9,47.1,-0.2,10,7,0,8,9,0,9,8,0
LA Chargers,2013,2013LA Chargers,10-8-0,55.6,11-6-1,64.7,7-11-0,38.9,61.1,-2.7,10,8,0,11,6,1,7,11,0
NY Jets,2013,2013NY Jets,8-8-0,50.0,9-6-1,60.0,8-7-1,53.3,46.7,1.1,8,8,0,9,6,1,8,7,1
Dallas,2013,2013Dallas,8-8-0,50.0,9-7-0,56.3,9-7-0,56.3,43.8,4.0,8,8,0,9,7,0,9,7,0
Baltimore,2013,2013Baltimore,8-8-0,50.0,6-9-1,40.0,8-8-0,50.0,50.0,-1.5,8,8,0,6,9,1,8,8,0
Pittsburgh,2013,2013Pittsburgh,8-8-0,50.0,9-7-0,56.3,8-8-0,50.0,50.0,5.0,8,8,0,9,7,0,8,8,0
Chicago,2013,2013Chicago,8-8-0,50.0,4-10-2,28.6,11-4-1,73.3,26.7,10.6,8,8,0,4,10,2,11,4,1
Green Bay,2013,2013Green Bay,8-8-1,50.0,8-9-0,47.1,9-8-0,52.9,47.1,4.6,8,8,1,8,9,0,9,8,0
Miami,2013,2013Miami,8-8-0,50.0,9-7-0,56.3,6-8-2,42.9,57.1,-2.3,8,8,0,9,7,0,6,8,2
NY Giants,2013,2013NY Giants,7-9-0,43.8,7-9-0,43.8,6-9-1,40.0,60.0,-4.3,7,9,0,7,9,0,6,9,1
Tennessee,2013,2013Tennessee,7-9-0,43.8,6-6-4,50.0,9-6-1,60.0,40.0,3.8,7,9,0,6,6,4,9,6,1
Detroit,2013,2013Detroit,7-9-0,43.8,6-10-0,37.5,8-8-0,50.0,50.0,-0.4,7,9,0,6,10,0,8,8,0
LA Rams,2013,2013LA Rams,7-9-0,43.8,7-9-0,43.8,9-7-0,56.3,43.8,1.2,7,9,0,7,9,0,9,7,0
Buffalo,2013,2013Buffalo,6-10-0,37.5,8-8-0,50.0,9-6-1,60.0,40.0,1.7,6,10,0,8,8,0,9,6,1
Minnesota,2013,2013Minnesota,5-10-1,33.3,9-7-0,56.3,11-4-1,73.3,26.7,8.2,5,10,1,9,7,0,11,4,1
Cleveland,2013,2013Cleveland,4-12-0,25.0,6-10-0,37.5,9-7-0,56.3,43.8,2.6,4,12,0,6,10,0,9,7,0
Jacksonville,2013,2013Jacksonville,4-12-0,25.0,5-10-1,33.3,9-7-0,56.3,43.8,0.8,4,12,0,5,10,1,9,7,0
Tampa Bay,2013,2013Tampa Bay,4-12-0,25.0,6-10-0,37.5,8-8-0,50.0,50.0,-0.5,4,12,0,6,10,0,8,8,0
Atlanta,2013,2013Atlanta,4-12-0,25.0,7-9-0,43.8,9-7-0,56.3,43.8,2.3,4,12,0,7,9,0,9,7,0
Las Vegas,2013,2013Las Vegas,4-12-0,25.0,7-8-1,46.7,7-8-1,46.7,53.3,3.9,4,12,0,7,8,1,7,8,1
Washington,2013,2013Washington,3-13-0,18.8,5-11-0,31.3,8-8-0,50.0,50.0,1.6,3,13,0,5,11,0,8,8,0
Houston,2013,2013Houston,2-14-0,12.5,4-12-0,25.0,9-7-0,56.3,43.8,0.1,2,14,0,4,12,0,9,7,0
New England,2014,2014New England,15-4-0,79.0,11-8-0,57.9,11-7-1,61.1,38.9,1.2,15,4,0,11,8,0,11,7,1
Seattle,2014,2014Seattle,14-5-0,73.7,11-8-0,57.9,11-8-0,57.9,42.1,-1.7,14,5,0,11,8,0,11,8,0
Dallas,2014,2014Dallas,13-5-0,72.2,11-7-0,61.1,9-8-1,52.9,47.1,1.3,13,5,0,11,7,0,9,8,1
Green Bay,2014,2014Green Bay,13-5-0,72.2,10-7-1,58.8,12-6-0,66.7,33.3,1.5,13,5,0,10,7,1,12,6,0
Denver,2014,2014Denver,12-5-0,70.6,8-9-0,47.1,10-7-0,58.8,41.2,2.1,12,5,0,8,9,0,10,7,0
Indianapolis,2014,2014Indianapolis,13-6-0,68.4,12-6-1,66.7,9-9-1,50.0,50.0,0.1,13,6,0,12,6,1,9,9,1
Arizona,2014,2014Arizona,11-6-0,64.7,11-6-0,64.7,6-10-1,37.5,62.5,-4.4,11,6,0,11,6,0,6,10,1
Pittsburgh,2014,2014Pittsburgh,11-6-0,64.7,9-8-0,52.9,9-7-1,56.3,43.8,2.9,11,6,0,9,8,0,9,7,1
Detroit,2014,2014Detroit,11-6-0,64.7,8-8-1,50.0,5-12-0,29.4,70.6,-6.7,11,6,0,8,8,1,5,12,0
Philadelphia,2014,2014Philadelphia,10-6-0,62.5,9-7-0,56.3,10-5-1,66.7,33.3,4.0,10,6,0,9,7,0,10,5,1
Cincinnati,2014,2014Cincinnati,10-6-1,62.5,8-8-1,50.0,6-11-0,35.3,64.7,-2.3,10,6,1,8,8,1,6,11,0
Baltimore,2014,2014Baltimore,11-7-0,61.1,10-8-0,55.6,8-9-1,47.1,52.9,0.5,11,7,0,10,8,0,8,9,1
LA Chargers,2014,2014LA Chargers,9-7-0,56.3,7-9-0,43.8,7-9-0,43.8,56.3,-2.2,9,7,0,7,9,0,7,9,0
Kansas City,2014,2014Kansas City,9-7-0,56.3,10-6-0,62.5,5-11-0,31.3,68.8,-4.7,9,7,0,10,6,0,5,11,0
Buffalo,2014,2014Buffalo,9-7-0,56.3,9-7-0,56.3,3-13-0,18.8,81.3,-4.1,9,7,0,9,7,0,3,13,0
Houston,2014,2014Houston,9-7-0,56.3,9-6-1,60.0,8-8-0,50.0,50.0,-1.2,9,7,0,9,6,1,8,8,0
San Francisco,2014,2014San Francisco,8-8-0,50.0,6-10-0,37.5,5-11-0,31.3,68.8,-3.3,8,8,0,6,10,0,5,11,0
Miami,2014,2014Miami,8-8-0,50.0,7-9-0,43.8,8-8-0,50.0,50.0,3.5,8,8,0,7,9,0,8,8,0
Carolina,2014,2014Carolina,8-9-1,47.1,9-9-0,50.0,10-8-0,55.6,44.4,0.6,8,9,1,9,9,0,10,8,0
New Orleans,2014,2014New Orleans,7-9-0,43.8,5-10-1,33.3,10-6-0,62.5,37.5,0.7,7,9,0,5,10,1,10,6,0
Cleveland,2014,2014Cleveland,7-9-0,43.8,9-6-1,60.0,5-11-0,31.3,68.8,-4.6,7,9,0,9,6,1,5,11,0
Minnesota,2014,2014Minnesota,7-9-0,43.8,10-6-0,62.5,6-10-0,37.5,62.5,-3.2,7,9,0,10,6,0,6,10,0
Atlanta,2014,2014Atlanta,6-10-0,37.5,7-9-0,43.8,6-10-0,37.5,62.5,0.1,6,10,0,7,9,0,6,10,0
LA Rams,2014,2014LA Rams,6-10-0,37.5,7-9-0,43.8,8-8-0,50.0,50.0,-1.4,6,10,0,7,9,0,8,8,0
NY Giants,2014,2014NY Giants,6-10-0,37.5,7-9-0,43.8,10-6-0,62.5,37.5,2.4,6,10,0,7,9,0,10,6,0
Chicago,2014,2014Chicago,5-11-0,31.3,7-9-0,43.8,8-8-0,50.0,50.0,-1.0,5,11,0,7,9,0,8,8,0
NY Jets,2014,2014NY Jets,4-12-0,25.0,6-9-1,40.0,7-9-0,43.8,56.3,-0.6,4,12,0,6,9,1,7,9,0
Washington,2014,2014Washington,4-12-0,25.0,5-11-0,31.3,7-8-1,46.7,53.3,0.0,4,12,0,5,11,0,7,8,1
Las Vegas,2014,2014Las Vegas,3-13-0,18.8,8-8-0,50.0,10-6-0,62.5,37.5,0.3,3,13,0,8,8,0,10,6,0
Jacksonville,2014,2014Jacksonville,3-13-0,18.8,6-9-1,40.0,8-8-0,50.0,50.0,-2.7,3,13,0,6,9,1,8,8,0
Tampa Bay,2014,2014Tampa Bay,2-14-0,12.5,7-9-0,43.8,5-11-0,31.3,68.8,-1.3,2,14,0,7,9,0,5,11,0
Tennessee,2014,2014Tennessee,2-14-0,12.5,3-12-1,20.0,6-10-0,37.5,62.5,-1.4,2,14,0,3,12,1,6,10,0
Carolina,2015,2015Carolina,17-2-0,89.5,13-6-0,68.4,12-7-0,63.2,36.8,6.4,17,2,0,13,6,0,12,7,0
Denver,2015,2015Denver,15-4-0,79.0,10-7-2,58.8,6-11-2,35.3,64.7,-3.3,15,4,0,10,7,2,6,11,2
Arizona,2015,2015Arizona,14-4-0,77.8,9-9-0,50.0,10-8-0,55.6,44.4,4.1,14,4,0,9,9,0,10,8,0
New England,2015,2015New England,13-5-0,72.2,8-7-3,53.3,10-8-0,55.6,44.4,-0.1,13,5,0,8,7,3,10,8,0
Cincinnati,2015,2015Cincinnati,12-5-0,70.6,12-3-2,80.0,7-10-0,41.2,58.8,-1.6,12,5,0,12,3,2,7,10,0
Kansas City,2015,2015Kansas City,12-6-0,66.7,9-9-0,50.0,9-8-1,52.9,47.1,-0.3,12,6,0,9,9,0,9,8,1
Minnesota,2015,2015Minnesota,11-6-0,64.7,14-3-0,82.4,4-10-3,28.6,71.4,-3.3,11,6,0,14,3,0,4,10,3
NY Jets,2015,2015NY Jets,10-6-0,62.5,8-6-2,57.1,8-8-0,50.0,50.0,0.8,10,6,0,8,6,2,8,8,0
Seattle,2015,2015Seattle,11-7-0,61.1,8-9-1,47.1,8-10-0,44.4,55.6,-0.2,11,7,0,8,9,1,8,10,0
Pittsburgh,2015,2015Pittsburgh,11-7-0,61.1,8-6-4,57.1,6-12-0,33.3,66.7,-1.1,11,7,0,8,6,4,6,12,0
Green Bay,2015,2015Green Bay,11-7-0,61.1,11-7-0,61.1,6-12-0,33.3,66.7,-3.1,11,7,0,11,7,0,6,12,0
Washington,2015,2015Washington,9-8-0,52.9,9-8-0,52.9,10-7-0,58.8,41.2,2.9,9,8,0,9,8,0,10,7,0
Houston,2015,2015Houston,9-8-0,52.9,9-8-0,52.9,8-9-0,47.1,52.9,-3.1,9,8,0,9,8,0,8,9,0
Atlanta,2015,2015Atlanta,8-8-0,50.0,6-10-0,37.5,2-14-0,12.5,87.5,-5.1,8,8,0,6,10,0,2,14,0
Buffalo,2015,2015Buffalo,8-8-0,50.0,8-7-1,53.3,8-8-0,50.0,50.0,2.5,8,8,0,8,7,1,8,8,0
Indianapolis,2015,2015Indianapolis,8-8-0,50.0,8-8-0,50.0,8-8-0,50.0,50.0,0.5,8,8,0,8,8,0,8,8,0
Las Vegas,2015,2015Las Vegas,7-9-0,43.8,8-8-0,50.0,8-6-2,57.1,42.9,2.3,7,9,0,8,8,0,8,6,2
New Orleans,2015,2015New Orleans,7-9-0,43.8,8-7-1,53.3,9-7-0,56.3,43.8,4.7,7,9,0,8,7,1,9,7,0
LA Rams,2015,2015LA Rams,7-9-0,43.8,7-8-1,46.7,4-12-0,25.0,75.0,-4.1,7,9,0,7,8,1,4,12,0
Philadelphia,2015,2015Philadelphia,7-9-0,43.8,7-9-0,43.8,8-8-0,50.0,50.0,1.6,7,9,0,7,9,0,8,8,0
Detroit,2015,2015Detroit,7-9-0,43.8,7-9-0,43.8,9-7-0,56.3,43.8,1.6,7,9,0,7,9,0,9,7,0
Tampa Bay,2015,2015Tampa Bay,6-10-0,37.5,7-9-0,43.8,9-7-0,56.3,43.8,2.9,6,10,0,7,9,0,9,7,0
Miami,2015,2015Miami,6-10-0,37.5,5-11-0,31.3,7-9-0,43.8,56.3,-1.7,6,10,0,5,11,0,7,9,0
NY Giants,2015,2015NY Giants,6-10-0,37.5,8-7-1,53.3,11-5-0,68.8,31.3,5.8,6,10,0,8,7,1,11,5,0
Chicago,2015,2015Chicago,6-10-0,37.5,8-8-0,50.0,8-7-1,53.3,46.7,1.3,6,10,0,8,8,0,8,7,1
San Francisco,2015,2015San Francisco,5-11-0,31.3,7-9-0,43.8,7-9-0,43.8,56.3,-4.0,5,11,0,7,9,0,7,9,0
Baltimore,2015,2015Baltimore,5-11-0,31.3,5-9-2,35.7,7-9-0,43.8,56.3,1.3,5,11,0,5,9,2,7,9,0
Jacksonville,2015,2015Jacksonville,5-11-0,31.3,7-8-1,46.7,10-6-0,62.5,37.5,6.8,5,11,0,7,8,1,10,6,0
LA Chargers,2015,2015LA Chargers,4-12-0,25.0,8-8-0,50.0,6-10-0,37.5,62.5,-1.4,4,12,0,8,8,0,6,10,0
Dallas,2015,2015Dallas,4-12-0,25.0,4-11-1,26.7,6-10-0,37.5,62.5,-4.6,4,12,0,4,11,1,6,10,0
Cleveland,2015,2015Cleveland,3-13-0,18.8,5-10-1,33.3,8-8-0,50.0,50.0,0.9,3,13,0,5,10,1,8,8,0
Tennessee,2015,2015Tennessee,3-13-0,18.8,4-11-1,26.7,9-6-1,60.0,40.0,1.7,3,13,0,4,11,1,9,6,1
New England,2016,2016New England,17-2-0,89.5,16-3-0,84.2,9-10-0,47.4,52.6,-1.5,17,2,0,16,3,0,9,10,0
Dallas,2016,2016Dallas,13-4-0,76.5,10-6-1,62.5,7-10-0,41.2,58.8,-0.5,13,4,0,10,6,1,7,10,0
Kansas City,2016,2016Kansas City,12-5-0,70.6,9-8-0,52.9,6-11-0,35.3,64.7,-2.0,12,5,0,9,8,0,6,11,0
Las Vegas,2016,2016Las Vegas,12-5-0,70.6,10-7-0,58.8,12-5-0,70.6,29.4,2.8,12,5,0,10,7,0,12,5,0
Atlanta,2016,2016Atlanta,13-6-0,68.4,12-7-0,63.2,17-2-0,89.5,10.5,8.9,13,6,0,12,7,0,17,2,0
Pittsburgh,2016,2016Pittsburgh,13-6-0,68.4,11-7-1,61.1,7-12-0,36.8,63.2,-2.6,13,6,0,11,7,1,7,12,0
Seattle,2016,2016Seattle,11-6-1,64.7,8-9-1,47.1,10-8-0,55.6,44.4,-3.6,11,6,1,8,9,1,10,8,0
NY Giants,2016,2016NY Giants,11-6-0,64.7,8-7-2,53.3,5-12-0,29.4,70.6,-8.2,11,6,0,8,7,2,5,12,0
Green Bay,2016,2016Green Bay,12-7-0,63.2,11-7-1,61.1,13-6-0,68.4,31.6,4.7,12,7,0,11,7,1,13,6,0
Miami,2016,2016Miami,10-7-0,58.8,9-7-1,56.3,12-5-0,70.6,29.4,1.8,10,7,0,9,7,1,12,5,0
Denver,2016,2016Denver,9-7-0,56.3,9-7-0,56.3,7-9-0,43.8,56.3,-3.3,9,7,0,9,7,0,7,9,0
Tampa Bay,2016,2016Tampa Bay,9-7-0,56.3,9-7-0,56.3,7-8-1,46.7,53.3,-1.7,9,7,0,9,7,0,7,8,1
Tennessee,2016,2016Tennessee,9-7-0,56.3,7-9-0,43.8,10-6-0,62.5,37.5,2.4,9,7,0,7,9,0,10,6,0
Houston,2016,2016Houston,10-8-0,55.6,7-10-1,41.2,8-10-0,44.4,55.6,-3.8,10,8,0,7,10,1,8,10,0
Washington,2016,2016Washington,8-7-1,53.3,10-6-0,62.5,12-4-0,75.0,25.0,0.8,8,7,1,10,6,0,12,4,0
Detroit,2016,2016Detroit,9-8-0,52.9,8-9-0,47.1,6-11-0,35.3,64.7,-3.4,9,8,0,8,9,0,6,11,0
Indianapolis,2016,2016Indianapolis,8-8-0,50.0,7-8-1,46.7,9-7-0,56.3,43.8,0.8,8,8,0,7,8,1,9,7,0
Minnesota,2016,2016Minnesota,8-8-0,50.0,9-7-0,56.3,7-9-0,43.8,56.3,-2.1,8,8,0,9,7,0,7,9,0
Baltimore,2016,2016Baltimore,8-8-0,50.0,7-9-0,43.8,7-8-1,46.7,53.3,-1.8,8,8,0,7,9,0,7,8,1
Arizona,2016,2016Arizona,7-8-1,46.7,6-10-0,37.5,10-6-0,62.5,37.5,3.7,7,8,1,6,10,0,10,6,0
Buffalo,2016,2016Buffalo,7-9-0,43.8,6-9-1,40.0,12-4-0,75.0,25.0,4.0,7,9,0,6,9,1,12,4,0
Philadelphia,2016,2016Philadelphia,7-9-0,43.8,8-8-0,50.0,8-7-1,53.3,46.7,-0.4,7,9,0,8,8,0,8,7,1
New Orleans,2016,2016New Orleans,7-9-0,43.8,11-5-0,68.8,9-7-0,56.3,43.8,5.6,7,9,0,11,5,0,9,7,0
Cincinnati,2016,2016Cincinnati,6-9-1,40.0,6-9-1,40.0,6-10-0,37.5,62.5,-4.8,6,9,1,6,9,1,6,10,0
Carolina,2016,2016Carolina,6-10-0,37.5,6-9-1,40.0,8-8-0,50.0,50.0,1.5,6,10,0,6,9,1,8,8,0
NY Jets,2016,2016NY Jets,5-11-0,31.3,6-9-1,40.0,7-8-1,46.7,53.3,-0.9,5,11,0,6,9,1,7,8,1
LA Chargers,2016,2016LA Chargers,5-11-0,31.3,7-9-0,43.8,9-6-1,60.0,40.0,4.0,5,11,0,7,9,0,9,6,1
LA Rams,2016,2016LA Rams,4-12-0,25.0,4-11-1,26.7,7-9-0,43.8,56.3,-3.2,4,12,0,4,11,1,7,9,0
Jacksonville,2016,2016Jacksonville,3-13-0,18.8,8-8-0,50.0,10-6-0,62.5,37.5,0.6,3,13,0,8,8,0,10,6,0
Chicago,2016,2016Chicago,3-13-0,18.8,7-9-0,43.8,7-8-1,46.7,53.3,-1.8,3,13,0,7,9,0,7,8,1
San Francisco,2016,2016San Francisco,2-14-0,12.5,4-11-1,26.7,10-6-0,62.5,37.5,4.1,2,14,0,4,11,1,10,6,0
Cleveland,2016,2016Cleveland,1-15-0,6.3,3-12-1,20.0,8-8-0,50.0,50.0,-0.1,1,15,0,3,12,1,8,8,0
Philadelphia,2017,2017Philadelphia,16-3-0,84.2,13-6-0,68.4,10-9-0,52.6,47.4,2.3,16,3,0,13,6,0,10,9,0
New England,2017,2017New England,15-4-0,79.0,12-7-0,63.2,9-10-0,47.4,52.6,-0.8,15,4,0,12,7,0,9,10,0
Minnesota,2017,2017Minnesota,14-4-0,77.8,11-6-1,64.7,9-9-0,50.0,50.0,-2.0,14,4,0,11,6,1,9,9,0
Pittsburgh,2017,2017Pittsburgh,13-4-0,76.5,7-10-0,41.2,6-10-1,37.5,62.5,3.3,13,4,0,7,10,0,6,10,1
New Orleans,2017,2017New Orleans,12-6-0,66.7,10-8-0,55.6,11-7-0,61.1,38.9,-0.5,12,6,0,10,8,0,11,7,0
LA Rams,2017,2017LA Rams,11-6-0,64.7,9-8-0,52.9,10-6-1,62.5,37.5,4.0,11,6,0,9,8,0,10,6,1
Carolina,2017,2017Carolina,11-6-0,64.7,10-6-1,62.5,10-7-0,58.8,41.2,-0.1,11,6,0,10,6,1,10,7,0
Jacksonville,2017,2017Jacksonville,12-7-0,63.2,11-8-0,57.9,9-10-0,47.4,52.6,3.4,12,7,0,11,8,0,9,10,0
Atlanta,2017,2017Atlanta,11-7-0,61.1,8-10-0,44.4,5-13-0,27.8,72.2,-7.4,11,7,0,8,10,0,5,13,0
Kansas City,2017,2017Kansas City,10-7-0,58.8,10-7-0,58.8,8-9-0,47.1,52.9,1.1,10,7,0,10,7,0,8,9,0
Seattle,2017,2017Seattle,9-7-0,56.3,6-9-1,40.0,7-9-0,43.8,56.3,-0.1,9,7,0,6,9,1,7,9,0
Dallas,2017,2017Dallas,9-7-0,56.3,8-7-1,53.3,6-10-0,37.5,62.5,-4.3,9,7,0,8,7,1,6,10,0
Baltimore,2017,2017Baltimore,9-7-0,56.3,8-7-1,53.3,9-7-0,56.3,43.8,3.3,9,7,0,8,7,1,9,7,0
Detroit,2017,2017Detroit,9-7-0,56.3,8-7-1,53.3,10-6-0,62.5,37.5,4.3,9,7,0,8,7,1,10,6,0
LA Chargers,2017,2017LA Chargers,9-7-0,56.3,8-6-2,57.1,4-12-0,25.0,75.0,-5.7,9,7,0,8,6,2,4,12,0
Tennessee,2017,2017Tennessee,10-8-0,55.6,9-8-1,52.9,10-8-0,55.6,44.4,-0.3,10,8,0,9,8,1,10,8,0
Buffalo,2017,2017Buffalo,9-8-0,52.9,9-6-2,60.0,7-9-1,43.8,56.3,-4.0,9,8,0,9,6,2,7,9,1
Arizona,2017,2017Arizona,8-8-0,50.0,6-9-1,40.0,6-10-0,37.5,62.5,-1.2,8,8,0,6,9,1,6,10,0
Washington,2017,2017Washington,7-9-0,43.8,7-9-0,43.8,7-8-1,46.7,53.3,-0.3,7,9,0,7,9,0,7,8,1
Green Bay,2017,2017Green Bay,7-9-0,43.8,7-9-0,43.8,11-5-0,68.8,31.3,-0.8,7,9,0,7,9,0,11,5,0
Cincinnati,2017,2017Cincinnati,7-9-0,43.8,9-7-0,56.3,6-9-1,40.0,60.0,-1.2,7,9,0,9,7,0,6,9,1
Las Vegas,2017,2017Las Vegas,6-10-0,37.5,5-9-2,35.7,5-11-0,31.3,68.8,-4.2,6,10,0,5,9,2,5,11,0
Miami,2017,2017Miami,6-10-0,37.5,5-9-2,35.7,7-8-1,46.7,53.3,-1.4,6,10,0,5,9,2,7,8,1
San Francisco,2017,2017San Francisco,6-10-0,37.5,9-7-0,56.3,8-8-0,50.0,50.0,1.0,6,10,0,9,7,0,8,8,0
NY Jets,2017,2017NY Jets,5-11-0,31.3,8-6-2,57.1,8-8-0,50.0,50.0,-0.3,5,11,0,8,6,2,8,8,0
Tampa Bay,2017,2017Tampa Bay,5-11-0,31.3,6-9-1,40.0,8-8-0,50.0,50.0,-2.2,5,11,0,6,9,1,8,8,0
Chicago,2017,2017Chicago,5-11-0,31.3,7-7-2,50.0,4-12-0,25.0,75.0,-5.3,5,11,0,7,7,2,4,12,0
Denver,2017,2017Denver,5-11-0,31.3,4-11-1,26.7,8-8-0,50.0,50.0,1.1,5,11,0,4,11,1,8,8,0
Indianapolis,2017,2017Indianapolis,4-12-0,25.0,8-8-0,50.0,6-10-0,37.5,62.5,-1.1,4,12,0,8,8,0,6,10,0
Houston,2017,2017Houston,4-12-0,25.0,7-9-0,43.8,7-9-0,43.8,56.3,5.8,4,12,0,7,9,0,7,9,0
NY Giants,2017,2017NY Giants,3-13-0,18.8,7-9-0,43.8,6-10-0,37.5,62.5,-2.8,3,13,0,7,9,0,6,10,0
Cleveland,2017,2017Cleveland,0-16-0,0.0,4-12-0,25.0,7-9-0,43.8,56.3,-0.8,0,16,0,4,12,0,7,9,0
LA Rams,2018,2018LA Rams,15-4-0,79.0,9-8-2,52.9,9-10-0,47.4,52.6,2.6,15,4,0,9,8,2,9,10,0
New Orleans,2018,2018New Orleans,14-4-0,77.8,10-8-0,55.6,7-11-0,38.9,61.1,-0.3,14,4,0,10,8,0,7,11,0
New England,2018,2018New England,14-5-0,73.7,12-7-0,63.2,7-12-0,36.8,63.2,-2.2,14,5,0,12,7,0,7,12,0
Kansas City,2018,2018Kansas City,13-5-0,72.2,10-7-1,58.8,11-7-0,61.1,38.9,7.5,13,5,0,10,7,1,11,7,0
LA Chargers,2018,2018LA Chargers,13-5-0,72.2,10-8-0,55.6,9-9-0,50.0,50.0,0.8,13,5,0,10,8,0,9,9,0
Chicago,2018,2018Chicago,12-5-0,70.6,12-5-0,70.6,8-9-0,47.1,52.9,-0.4,12,5,0,12,5,0,8,9,0
Houston,2018,2018Houston,11-6-0,64.7,7-8-2,46.7,7-10-0,41.2,58.8,-0.9,11,6,0,7,8,2,7,10,0
Indianapolis,2018,2018Indianapolis,11-7-0,61.1,9-8-1,52.9,8-10-0,44.4,55.6,-1.0,11,7,0,9,8,1,8,10,0
Dallas,2018,2018Dallas,11-7-0,61.1,9-9-0,50.0,9-9-0,50.0,50.0,-1.6,11,7,0,9,9,0,9,9,0
Pittsburgh,2018,2018Pittsburgh,9-6-1,60.0,8-7-1,53.3,8-8-0,50.0,50.0,-1.0,9,6,1,8,7,1,8,8,0
Seattle,2018,2018Seattle,10-7-0,58.8,10-5-2,66.7,10-7-0,58.8,41.2,2.6,10,7,0,10,5,2,10,7,0
Baltimore,2018,2018Baltimore,10-7-0,58.8,8-9-0,47.1,7-10-0,41.2,58.8,-2.5,10,7,0,8,9,0,7,10,0
Tennessee,2018,2018Tennessee,9-7-0,56.3,8-8-0,50.0,8-8-0,50.0,50.0,-3.6,9,7,0,8,8,0,8,8,0
Philadelphia,2018,2018Philadelphia,10-8-0,55.6,8-9-1,47.1,7-11-0,38.9,61.1,-3.2,10,8,0,8,9,1,7,11,0
Minnesota,2018,2018Minnesota,8-7-1,53.3,7-7-2,50.0,6-10-0,37.5,62.5,-2.1,8,7,1,7,7,2,6,10,0
Cleveland,2018,2018Cleveland,7-8-1,46.7,10-6-0,62.5,7-8-1,46.7,53.3,0.5,7,8,1,10,6,0,7,8,1
Atlanta,2018,2018Atlanta,7-9-0,43.8,5-11-0,31.3,9-7-0,56.3,43.8,2.0,7,9,0,5,11,0,9,7,0
Miami,2018,2018Miami,7-9-0,43.8,8-8-0,50.0,8-8-0,50.0,50.0,1.9,7,9,0,8,8,0,8,8,0
Washington,2018,2018Washington,7-9-0,43.8,9-7-0,56.3,7-9-0,43.8,56.3,-3.6,7,9,0,9,7,0,7,9,0
Carolina,2018,2018Carolina,7-9-0,43.8,7-9-0,43.8,8-8-0,50.0,50.0,0.8,7,9,0,7,9,0,8,8,0
Green Bay,2018,2018Green Bay,6-9-1,40.0,6-9-1,40.0,8-8-0,50.0,50.0,0.8,6,9,1,6,9,1,8,8,0
Detroit,2018,2018Detroit,6-10-0,37.5,9-7-0,56.3,6-10-0,37.5,62.5,-3.5,6,10,0,9,7,0,6,10,0
Denver,2018,2018Denver,6-10-0,37.5,6-9-1,40.0,3-13-0,18.8,81.3,-3.8,6,10,0,6,9,1,3,13,0
Buffalo,2018,2018Buffalo,6-10-0,37.5,7-9-0,43.8,7-9-0,43.8,56.3,0.0,6,10,0,7,9,0,7,9,0
Cincinnati,2018,2018Cincinnati,6-10-0,37.5,9-7-0,56.3,8-6-2,57.1,42.9,3.4,6,10,0,9,7,0,8,6,2
Jacksonville,2018,2018Jacksonville,5-11-0,31.3,5-9-2,35.7,6-10-0,37.5,62.5,-6.8,5,11,0,5,9,2,6,10,0
Tampa Bay,2018,2018Tampa Bay,5-11-0,31.3,8-7-1,53.3,9-7-0,56.3,43.8,2.1,5,11,0,8,7,1,9,7,0
NY Giants,2018,2018NY Giants,5-11-0,31.3,8-7-1,53.3,9-7-0,56.3,43.8,3.4,5,11,0,8,7,1,9,7,0
Las Vegas,2018,2018Las Vegas,4-12-0,25.0,6-10-0,37.5,6-9-1,40.0,60.0,0.1,4,12,0,6,10,0,6,9,1
NY Jets,2018,2018NY Jets,4-12-0,25.0,5-10-1,33.3,10-6-0,62.5,37.5,5.4,4,12,0,5,10,1,10,6,0
San Francisco,2018,2018San Francisco,4-12-0,25.0,5-11-0,31.3,9-7-0,56.3,43.8,2.0,4,12,0,5,11,0,9,7,0
Arizona,2018,2018Arizona,3-13-0,18.8,7-8-1,46.7,7-9-0,43.8,56.3,-1.4,3,13,0,7,8,1,7,9,0
Baltimore,2019,2019Baltimore,14-3-0,82.4,10-6-1,62.5,9-8-0,52.9,47.1,4.5,14,3,0,10,6,1,9,8,0
San Francisco,2019,2019San Francisco,15-4-0,79.0,11-7-1,61.1,9-9-1,50.0,50.0,3.0,15,4,0,11,7,1,9,9,1
Kansas City,2019,2019Kansas City,15-4-0,79.0,12-5-2,70.6,10-9-0,52.6,47.4,0.1,15,4,0,12,5,2,10,9,0
Green Bay,2019,2019Green Bay,14-4-0,77.8,11-7-0,61.1,8-10-0,44.4,55.6,-1.4,14,4,0,11,7,0,8,10,0
New Orleans,2019,2019New Orleans,13-4-0,76.5,11-6-0,64.7,9-8-0,52.9,47.1,2.4,13,4,0,11,6,0,9,8,0
New England,2019,2019New England,12-5-0,70.6,8-8-1,50.0,7-10-0,41.2,58.8,-4.4,12,5,0,8,8,1,7,10,0
Seattle,2019,2019Seattle,12-6-0,66.7,8-9-1,47.1,9-8-1,52.9,47.1,1.6,12,6,0,8,9,1,9,8,1
Minnesota,2019,2019Minnesota,11-7-0,61.1,10-8-0,55.6,9-9-0,50.0,50.0,0.0,11,7,0,10,8,0,9,9,0
Houston,2019,2019Houston,11-7-0,61.1,8-9-1,47.1,8-10-0,44.4,55.6,1.3,11,7,0,8,9,1,8,10,0
Buffalo,2019,2019Buffalo,10-7-0,58.8,9-6-2,60.0,4-13-0,23.5,76.5,-4.8,10,7,0,9,6,2,4,13,0
Tennessee,2019,2019Tennessee,11-8-0,57.9,10-8-1,55.6,11-8-0,57.9,42.1,0.9,11,8,0,10,8,1,11,8,0
LA Rams,2019,2019LA Rams,9-7-0,56.3,10-5-1,66.7,7-9-0,43.8,56.3,-0.5,9,7,0,10,5,1,7,9,0
Philadelphia,2019,2019Philadelphia,9-8-0,52.9,7-10-0,41.2,8-9-0,47.1,52.9,0.2,9,8,0,7,10,0,8,9,0
Dallas,2019,2019Dallas,8-8-0,50.0,9-7-0,56.3,10-6-0,62.5,37.5,0.8,8,8,0,9,7,0,10,6,0
Pittsburgh,2019,2019Pittsburgh,8-8-0,50.0,8-7-1,53.3,4-12-0,25.0,75.0,-4.8,8,8,0,8,7,1,4,12,0
Chicago,2019,2019Chicago,8-8-0,50.0,4-12-0,25.0,6-10-0,37.5,62.5,-4.3,8,8,0,4,12,0,6,10,0
Atlanta,2019,2019Atlanta,7-9-0,43.8,8-8-0,50.0,7-9-0,43.8,56.3,-0.8,7,9,0,8,8,0,7,9,0
Las Vegas,2019,2019Las Vegas,7-9-0,43.8,8-8-0,50.0,7-9-0,43.8,56.3,-0.9,7,9,0,8,8,0,7,9,0
Tampa Bay,2019,2019Tampa Bay,7-9-0,43.8,5-9-2,35.7,12-4-0,75.0,25.0,8.2,7,9,0,5,9,2,12,4,0
Denver,2019,2019Denver,7-9-0,43.8,9-7-0,56.3,7-9-0,43.8,56.3,-3.9,7,9,0,9,7,0,7,9,0
NY Jets,2019,2019NY Jets,7-9-0,43.8,7-9-0,43.8,7-9-0,43.8,56.3,-2.4,7,9,0,7,9,0,7,9,0
Indianapolis,2019,2019Indianapolis,7-9-0,43.8,7-7-2,50.0,9-7-0,56.3,43.8,0.8,7,9,0,7,7,2,9,7,0
Jacksonville,2019,2019Jacksonville,6-10-0,37.5,7-9-0,43.8,8-7-1,53.3,46.7,0.6,6,10,0,7,9,0,8,7,1
Cleveland,2019,2019Cleveland,6-10-0,37.5,5-10-1,33.3,8-8-0,50.0,50.0,0.9,6,10,0,5,10,1,8,8,0
Arizona,2019,2019Arizona,5-10-1,33.3,9-5-2,64.3,9-7-0,56.3,43.8,2.8,5,10,1,9,5,2,9,7,0
LA Chargers,2019,2019LA Chargers,5-11-0,31.3,4-9-3,30.8,7-9-0,43.8,56.3,-2.6,5,11,0,4,9,3,7,9,0
Miami,2019,2019Miami,5-11-0,31.3,9-7-0,56.3,9-7-0,56.3,43.8,5.6,5,11,0,9,7,0,9,7,0
Carolina,2019,2019Carolina,5-11-0,31.3,6-9-1,40.0,11-5-0,68.8,31.3,4.8,5,11,0,6,9,1,11,5,0
NY Giants,2019,2019NY Giants,4-12-0,25.0,7-9-0,43.8,10-6-0,62.5,37.5,4.3,4,12,0,7,9,0,10,6,0
Detroit,2019,2019Detroit,3-12-1,20.0,6-10-0,37.5,10-6-0,62.5,37.5,2.9,3,12,1,6,10,0,10,6,0
Washington,2019,2019Washington,3-13-0,18.8,6-10-0,37.5,8-8-0,50.0,50.0,2.1,3,13,0,6,10,0,8,8,0
Cincinnati,2019,2019Cincinnati,2-14-0,12.5,6-9-1,40.0,7-8-1,46.7,53.3,-0.8,2,14,0,6,9,1,7,8,1
Kansas City,2020,2020Kansas City,16-3-0,84.2,8-11-0,42.1,9-10-0,47.4,52.6,-0.8,16,3,0,8,11,0,9,10,0
Buffalo,2020,2020Buffalo,15-4-0,79.0,12-7-0,63.2,13-5-1,72.2,27.8,4.4,15,4,0,12,7,0,13,5,1
Green Bay,2020,2020Green Bay,14-4-0,77.8,11-7-0,61.1,11-7-0,61.1,38.9,4.1,14,4,0,11,7,0,11,7,0
Tampa Bay,2020,2020Tampa Bay,15-5-0,75.0,12-8-0,60.0,11-9-0,55.0,45.0,2.6,15,5,0,12,8,0,11,9,0
New Orleans,2020,2020New Orleans,13-5-0,72.2,10-8-0,55.6,10-8-0,55.6,44.4,1.9,13,5,0,10,8,0,10,8,0
Seattle,2020,2020Seattle,12-5-0,70.6,8-9-0,47.1,8-9-0,47.1,52.9,1.0,12,5,0,8,9,0,8,9,0
Pittsburgh,2020,2020Pittsburgh,12-5-0,70.6,10-7-0,58.8,9-7-1,56.3,43.8,2.8,12,5,0,10,7,0,9,7,1
Cleveland,2020,2020Cleveland,12-6-0,66.7,8-10-0,44.4,10-8-0,55.6,44.4,4.7,12,6,0,8,10,0,10,8,0
Baltimore,2020,2020Baltimore,12-6-0,66.7,11-6-1,64.7,7-11-0,38.9,61.1,-1.6,12,6,0,11,6,1,7,11,0
Indianapolis,2020,2020Indianapolis,11-6-0,64.7,9-8-0,52.9,10-7-0,58.8,41.2,2.6,11,6,0,9,8,0,10,7,0
Tennessee,2020,2020Tennessee,11-6-0,64.7,7-10-0,41.2,12-4-1,75.0,25.0,6.1,11,6,0,7,10,0,12,4,1
Miami,2020,2020Miami,10-6-0,62.5,11-5-0,68.8,7-9-0,43.8,56.3,-0.4,10,6,0,11,5,0,7,9,0
LA Rams,2020,2020LA Rams,11-7-0,61.1,10-8-0,55.6,6-12-0,33.3,66.7,-4.0,11,7,0,10,8,0,6,12,0
Las Vegas,2020,2020Las Vegas,8-8-0,50.0,8-8-0,50.0,13-3-0,81.3,18.8,6.0,8,8,0,8,8,0,13,3,0
Arizona,2020,2020Arizona,8-8-0,50.0,7-9-0,43.8,5-10-1,33.3,66.7,-2.2,8,8,0,7,9,0,5,10,1
Chicago,2020,2020Chicago,8-9-0,47.1,8-9-0,47.1,8-9-0,47.1,52.9,0.4,8,9,0,8,9,0,8,9,0
LA Chargers,2020,2020LA Chargers,7-9-0,43.8,8-7-1,53.3,9-7-0,56.3,43.8,3.4,7,9,0,8,7,1,9,7,0
New England,2020,2020New England,7-9-0,43.8,7-9-0,43.8,5-10-1,33.3,66.7,-2.3,7,9,0,7,9,0,5,10,1
Minnesota,2020,2020Minnesota,7-9-0,43.8,6-10-0,37.5,11-4-1,73.3,26.7,6.6,7,9,0,6,10,0,11,4,1
Washington,2020,2020Washington,7-10-0,41.2,9-7-1,56.3,6-10-1,37.5,62.5,-2.0,7,10,0,9,7,1,6,10,1
San Francisco,2020,2020San Francisco,6-10-0,37.5,7-9-0,43.8,8-8-0,50.0,50.0,0.8,6,10,0,7,9,0,8,8,0
NY Giants,2020,2020NY Giants,6-10-0,37.5,9-7-0,56.3,3-12-1,20.0,80.0,-5.5,6,10,0,9,7,0,3,12,1
Dallas,2020,2020Dallas,6-10-0,37.5,5-11-0,31.3,9-7-0,56.3,43.8,5.2,6,10,0,5,11,0,9,7,0
Denver,2020,2020Denver,5-11-0,31.3,9-7-0,56.3,8-8-0,50.0,50.0,2.6,5,11,0,9,7,0,8,8,0
Detroit,2020,2020Detroit,5-11-0,31.3,7-9-0,43.8,10-6-0,62.5,37.5,5.0,5,11,0,7,9,0,10,6,0
Carolina,2020,2020Carolina,5-11-0,31.3,9-7-0,56.3,7-8-1,46.7,53.3,-1.5,5,11,0,9,7,0,7,8,1
Philadelphia,2020,2020Philadelphia,4-11-1,26.7,6-10-0,37.5,7-9-0,43.8,56.3,1.1,4,11,1,6,10,0,7,9,0
Cincinnati,2020,2020Cincinnati,4-11-1,26.7,9-6-1,60.0,8-8-0,50.0,50.0,0.0,4,11,1,9,6,1,8,8,0
Atlanta,2020,2020Atlanta,4-12-0,25.0,7-9-0,43.8,7-9-0,43.8,56.3,-0.8,4,12,0,7,9,0,7,9,0
Houston,2020,2020Houston,4-12-0,25.0,6-10-0,37.5,8-8-0,50.0,50.0,2.4,4,12,0,6,10,0,8,8,0
NY Jets,2020,2020NY Jets,2-14-0,12.5,6-10-0,37.5,7-9-0,43.8,56.3,-1.2,2,14,0,6,10,0,7,9,0
Jacksonville,2020,2020Jacksonville,1-15-0,6.3,7-9-0,43.8,8-7-1,53.3,46.7,1.0,1,15,0,7,9,0,8,7,1
LA Rams,2021,2021LA Rams,16-5-0,76.2,10-11-0,47.6,10-10-1,50.0,50.0,-0.8,16,5,0,10,11,0,10,10,1
Tampa Bay,2021,2021Tampa Bay,14-5-0,73.7,10-9-0,52.6,10-9-0,52.6,47.4,1.5,14,5,0,10,9,0,10,9,0
Green Bay,2021,2021Green Bay,13-5-0,72.2,12-6-0,66.7,8-10-0,44.4,55.6,-0.2,13,5,0,12,6,0,8,10,0
Kansas City,2021,2021Kansas City,14-6-0,70.0,10-10-0,50.0,12-8-0,60.0,40.0,-0.3,14,6,0,10,10,0,12,8,0
Dallas,2021,2021Dallas,12-6-0,66.7,13-5-0,72.2,8-10-0,44.4,55.6,1.1,12,6,0,13,5,0,8,10,0
Tennessee,2021,2021Tennessee,12-6-0,66.7,10-8-0,55.6,8-10-0,44.4,55.6,-3.0,12,6,0,10,8,0,8,10,0
Buffalo,2021,2021Buffalo,12-7-0,63.2,10-7-2,58.8,10-9-0,52.6,47.4,0.5,12,7,0,10,7,2,10,9,0
Cincinnati,2021,2021Cincinnati,13-8-0,61.9,14-7-0,66.7,8-13-0,38.1,61.9,1.2,13,8,0,14,7,0,8,13,0
Arizona,2021,2021Arizona,11-7-0,61.1,10-8-0,55.6,8-10-0,44.4,55.6,-1.0,11,7,0,10,8,0,8,10,0
San Francisco,2021,2021San Francisco,12-8-0,60.0,12-8-0,60.0,8-12-0,40.0,60.0,-2.3,12,8,0,12,8,0,8,12,0
New England,2021,2021New England,10-8-0,55.6,10-8-0,55.6,10-8-0,55.6,44.4,2.0,10,8,0,10,8,0,10,8,0
Las Vegas,2021,2021Las Vegas,10-8-0,55.6,8-10-0,44.4,8-10-0,44.4,55.6,0.0,10,8,0,8,10,0,8,10,0
Miami,2021,2021Miami,9-8-0,52.9,9-7-1,56.3,7-10-0,41.2,58.8,-2.0,9,8,0,9,7,1,7,10,0
Pittsburgh,2021,2021Pittsburgh,9-8-1,52.9,8-10-0,44.4,7-10-1,41.2,58.8,1.0,9,8,1,8,10,0,7,10,1
Indianapolis,2021,2021Indianapolis,9-8-0,52.9,10-7-0,58.8,8-9-0,47.1,52.9,1.2,9,8,0,10,7,0,8,9,0
LA Chargers,2021,2021LA Chargers,9-8-0,52.9,8-9-0,47.1,10-7-0,58.8,41.2,5.5,9,8,0,8,9,0,10,7,0
New Orleans,2021,2021New Orleans,9-8-0,52.9,9-8-0,52.9,7-10-0,41.2,58.8,-2.0,9,8,0,9,8,0,7,10,0
Philadelphia,2021,2021Philadelphia,9-9-0,50.0,8-9-1,47.1,10-8-0,55.6,44.4,1.8,9,9,0,8,9,1,10,8,0
Cleveland,2021,2021Cleveland,8-9-0,47.1,7-10-0,41.2,7-10-0,41.2,58.8,-3.2,8,9,0,7,10,0,7,10,0
Minnesota,2021,2021Minnesota,8-9-0,47.1,9-8-0,52.9,11-6-0,64.7,35.3,1.5,8,9,0,9,8,0,11,6,0
Baltimore,2021,2021Baltimore,8-9-0,47.1,8-9-0,47.1,8-9-0,47.1,52.9,-0.8,8,9,0,8,9,0,8,9,0
Washington,2021,2021Washington,7-10-0,41.2,7-9-1,43.8,7-10-0,41.2,58.8,-0.1,7,10,0,7,9,1,7,10,0
Atlanta,2021,2021Atlanta,7-10-0,41.2,6-10-1,37.5,7-10-0,41.2,58.8,-1.4,7,10,0,6,10,1,7,10,0
Seattle,2021,2021Seattle,7-10-0,41.2,9-8-0,52.9,6-10-1,37.5,62.5,-2.0,7,10,0,9,8,0,6,10,1
Denver,2021,2021Denver,7-10-0,41.2,8-9-0,47.1,5-12-0,29.4,70.6,-5.3,7,10,0,8,9,0,5,12,0
Chicago,2021,2021Chicago,6-11-0,35.3,6-11-0,35.3,7-10-0,41.2,58.8,-0.8,6,11,0,6,11,0,7,10,0
Carolina,2021,2021Carolina,5-12-0,29.4,5-12-0,29.4,8-9-0,47.1,52.9,-1.9,5,12,0,5,12,0,8,9,0
NY Jets,2021,2021NY Jets,4-13-0,23.5,6-11-0,35.3,10-7-0,58.8,41.2,3.8,4,13,0,6,11,0,10,7,0
NY Giants,2021,2021NY Giants,4-13-0,23.5,6-11-0,35.3,5-11-1,31.3,68.8,-4.7,4,13,0,6,11,0,5,11,1
Houston,2021,2021Houston,4-13-0,23.5,8-9-0,47.1,8-9-0,47.1,52.9,-1.5,4,13,0,8,9,0,8,9,0
Detroit,2021,2021Detroit,3-13-1,18.8,11-6-0,64.7,7-10-0,41.2,58.8,1.1,3,13,1,11,6,0,7,10,0
Jacksonville,2021,2021Jacksonville,3-14-0,17.7,5-12-0,29.4,5-12-0,29.4,70.6,-3.9,3,14,0,5,12,0,5,12,0
Kansas City,2022,2022Kansas City,17-3-0,85.0,8-11-1,42.1,9-11-0,45.0,55.0,1.6,17,3,0,8,11,1,9,11,0
Philadelphia,2022,2022Philadelphia,16-4-0,80.0,10-10-0,50.0,11-9-0,55.0,45.0,3.1,16,4,0,10,10,0,11,9,0
Buffalo,2022,2022Buffalo,14-4-0,77.8,8-9-1,47.1,7-11-0,38.9,61.1,-0.8,14,4,0,8,9,1,7,11,0
San Francisco,2022,2022San Francisco,15-5-0,75.0,13-7-0,65.0,10-10-0,50.0,50.0,0.5,15,5,0,13,7,0,10,10,0
Cincinnati,2022,2022Cincinnati,14-5-0,73.7,13-6-0,68.4,7-11-1,38.9,61.1,0.4,14,5,0,13,6,0,7,11,1
Minnesota,2022,2022Minnesota,13-5-0,72.2,7-10-1,41.2,12-6-0,66.7,33.3,4.0,13,5,0,7,10,1,12,6,0
Dallas,2022,2022Dallas,13-6-0,68.4,11-8-0,57.9,9-10-0,47.4,52.6,2.2,13,6,0,11,8,0,9,10,0
LA Chargers,2022,2022LA Chargers,10-8-0,55.6,11-6-1,64.7,7-10-1,41.2,58.8,-1.3,10,8,0,11,6,1,7,10,1
NY Giants,2022,2022NY Giants,10-8-1,55.6,14-5-0,73.7,8-10-1,44.4,55.6,0.7,10,8,1,14,5,0,8,10,1
Baltimore,2022,2022Baltimore,10-8-0,55.6,8-9-1,47.1,6-12-0,33.3,66.7,-3.3,10,8,0,8,9,1,6,12,0
Pittsburgh,2022,2022Pittsburgh,9-8-0,52.9,10-6-1,62.5,7-10-0,41.2,58.8,-2.2,9,8,0,10,6,1,7,10,0
Detroit,2022,2022Detroit,9-8-0,52.9,12-5-0,70.6,10-7-0,58.8,41.2,2.8,9,8,0,12,5,0,10,7,0
Jacksonville,2022,2022Jacksonville,10-9-0,52.6,10-9-0,52.6,9-10-0,47.4,52.6,0.8,10,9,0,10,9,0,9,10,0
Seattle,2022,2022Seattle,9-9-0,50.0,7-11-0,38.9,9-9-0,50.0,50.0,3.2,9,9,0,7,11,0,9,9,0
Miami,2022,2022Miami,9-9-0,50.0,10-8-0,55.6,9-9-0,50.0,50.0,1.0,9,9,0,10,8,0,9,9,0
Washington,2022,2022Washington,8-8-1,50.0,8-8-1,50.0,5-11-1,31.3,68.8,-2.6,8,8,1,8,8,1,5,11,1
New England,2022,2022New England,8-9-0,47.1,7-9-1,43.8,8-9-0,47.1,52.9,-0.7,8,9,0,7,9,1,8,9,0
Green Bay,2022,2022Green Bay,8-9-0,47.1,8-9-0,47.1,8-9-0,47.1,52.9,-0.9,8,9,0,8,9,0,8,9,0
Tampa Bay,2022,2022Tampa Bay,8-10-0,44.4,4-13-1,23.5,6-12-0,33.3,66.7,-3.8,8,10,0,4,13,1,6,12,0
New Orleans,2022,2022New Orleans,7-10-0,41.2,7-10-0,41.2,6-11-0,35.3,64.7,-2.5,7,10,0,7,10,0,6,11,0
Atlanta,2022,2022Atlanta,7-10-0,41.2,9-8-0,52.9,7-10-0,41.2,58.8,0.4,7,10,0,9,8,0,7,10,0
NY Jets,2022,2022NY Jets,7-10-0,41.2,8-9-0,47.1,5-12-0,29.4,70.6,-5.5,7,10,0,8,9,0,5,12,0
Cleveland,2022,2022Cleveland,7-10-0,41.2,8-9-0,47.1,8-8-1,50.0,50.0,0.3,7,10,0,8,9,0,8,8,1
Tennessee,2022,2022Tennessee,7-10-0,41.2,9-7-1,56.3,5-12-0,29.4,70.6,-3.7,7,10,0,9,7,1,5,12,0
Carolina,2022,2022Carolina,7-10-0,41.2,9-8-0,52.9,8-9-0,47.1,52.9,1.3,7,10,0,9,8,0,8,9,0
Las Vegas,2022,2022Las Vegas,6-11-0,35.3,8-9-0,47.1,8-8-1,50.0,50.0,1.4,6,11,0,8,9,0,8,8,1
Denver,2022,2022Denver,5-12-0,29.4,7-10-0,41.2,6-11-0,35.3,64.7,-3.5,5,12,0,7,10,0,6,11,0
LA Rams,2022,2022LA Rams,5-12-0,29.4,6-9-2,40.0,6-11-0,35.3,64.7,-1.6,5,12,0,6,9,2,6,11,0
Indianapolis,2022,2022Indianapolis,4-12-1,25.0,6-11-0,35.3,7-10-0,41.2,58.8,-0.7,4,12,1,6,11,0,7,10,0
Arizona,2022,2022Arizona,4-13-0,23.5,8-9-0,47.1,8-7-2,53.3,46.7,0.9,4,13,0,8,9,0,8,7,2
Houston,2022,2022Houston,3-13-1,18.8,8-8-1,50.0,7-10-0,41.2,58.8,-1.5,3,13,1,8,8,1,7,10,0
Chicago,2022,2022Chicago,3-14-0,17.7,5-11-1,31.3,10-7-0,58.8,41.2,3.4,3,14,0,5,11,1,10,7,0
Philadelphia,2023,2023Philadelphia,3-0-0,100.0,2-0-1,100.0,2-1-0,66.7,33.3,2.0,3,0,0,2,0,1,2,1,0
San Francisco,2023,2023San Francisco,3-0-0,100.0,2-1-0,66.7,1-2-0,33.3,66.7,0.7,3,0,0,2,1,0,1,2,0
Miami,2023,2023Miami,3-0-0,100.0,3-0-0,100.0,2-1-0,66.7,33.3,19.2,3,0,0,3,0,0,2,1,0
Cleveland,2023,2023Cleveland,2-1-0,66.7,2-1-0,66.7,1-2-0,33.3,66.7,-6.2,2,1,0,2,1,0,1,2,0
Washington,2023,2023Washington,2-1-0,66.7,1-2-0,33.3,1-2-0,33.3,66.7,7.7,2,1,0,1,2,0,1,2,0
Pittsburgh,2023,2023Pittsburgh,2-1-0,66.7,2-1-0,66.7,1-2-0,33.3,66.7,0.7,2,1,0,2,1,0,1,2,0
Dallas,2023,2023Dallas,2-1-0,66.7,2-1-0,66.7,2-1-0,66.7,33.3,-1.2,2,1,0,2,1,0,2,1,0
Green Bay,2023,2023Green Bay,2-1-0,66.7,3-0-0,100.0,2-1-0,66.7,33.3,6.3,2,1,0,3,0,0,2,1,0
Baltimore,2023,2023Baltimore,2-1-0,66.7,2-1-0,66.7,1-2-0,33.3,66.7,-2.3,2,1,0,2,1,0,1,2,0
Tampa Bay,2023,2023Tampa Bay,2-1-0,66.7,2-1-0,66.7,1-2-0,33.3,66.7,-4.2,2,1,0,2,1,0,1,2,0
Detroit,2023,2023Detroit,2-1-0,66.7,2-1-0,66.7,1-2-0,33.3,66.7,-4.2,2,1,0,2,1,0,1,2,0
Indianapolis,2023,2023Indianapolis,2-1-0,66.7,2-1-0,66.7,2-1-0,66.7,33.3,4.8,2,1,0,2,1,0,2,1,0
Atlanta,2023,2023Atlanta,2-1-0,66.7,1-2-0,33.3,1-2-0,33.3,66.7,-6.5,2,1,0,1,2,0,1,2,0
Seattle,2023,2023Seattle,2-1-0,66.7,2-1-0,66.7,2-1-0,66.7,33.3,13.7,2,1,0,2,1,0,2,1,0
Kansas City,2023,2023Kansas City,2-1-0,66.7,2-1-0,66.7,1-2-0,33.3,66.7,-11.3,2,1,0,2,1,0,1,2,0
Buffalo,2023,2023Buffalo,2-1-0,66.7,2-1-0,66.7,1-2-0,33.3,66.7,-3.3,2,1,0,2,1,0,1,2,0
New Orleans,2023,2023New Orleans,2-1-0,66.7,0-2-1,0.0,0-3-0,0.0,100.0,-6.5,2,1,0,0,2,1,0,3,0
New England,2023,2023New England,1-2-0,33.3,1-2-0,33.3,1-2-0,33.3,66.7,-4.8,1,2,0,1,2,0,1,2,0
Jacksonville,2023,2023Jacksonville,1-2-0,33.3,1-2-0,33.3,2-1-0,66.7,33.3,-2.5,1,2,0,1,2,0,2,1,0
NY Giants,2023,2023NY Giants,1-2-0,33.3,0-3-0,0.0,1-2-0,33.3,66.7,4.3,1,2,0,0,3,0,1,2,0
Tennessee,2023,2023Tennessee,1-2-0,33.3,2-1-0,66.7,1-2-0,33.3,66.7,-4.3,1,2,0,2,1,0,1,2,0
Houston,2023,2023Houston,1-2-0,33.3,1-2-0,33.3,2-1-0,66.7,33.3,4.0,1,2,0,1,2,0,2,1,0
Las Vegas,2023,2023Las Vegas,1-2-0,33.3,1-2-0,33.3,1-2-0,33.3,66.7,-4.2,1,2,0,1,2,0,1,2,0
LA Chargers,2023,2023LA Chargers,1-2-0,33.3,1-2-0,33.3,2-1-0,66.7,33.3,8.0,1,2,0,1,2,0,2,1,0
LA Rams,2023,2023LA Rams,1-2-0,33.3,2-0-1,100.0,1-2-0,33.3,66.7,-1.2,1,2,0,2,0,1,1,2,0
NY Jets,2023,2023NY Jets,1-2-0,33.3,1-2-0,33.3,1-2-0,33.3,66.7,-5.5,1,2,0,1,2,0,1,2,0
Arizona,2023,2023Arizona,1-2-0,33.3,3-0-0,100.0,2-1-0,66.7,33.3,5.8,1,2,0,3,0,0,2,1,0
Cincinnati,2023,2023Cincinnati,1-2-0,33.3,0-2-1,0.0,1-2-0,33.3,66.7,-8.2,1,2,0,0,2,1,1,2,0
Minnesota,2023,2023Minnesota,0-3-0,0.0,0-2-1,0.0,1-2-0,33.3,66.7,1.2,0,3,0,0,2,1,1,2,0
Chicago,2023,2023Chicago,0-3-0,0.0,0-3-0,0.0,3-0-0,100.0,0.0,7.7,0,3,0,0,3,0,3,0,0
Denver,2023,2023Denver,0-3-0,0.0,0-3-0,0.0,2-1-0,66.7,33.3,20.3,0,3,0,0,3,0,2,1,0
Carolina,2023,2023Carolina,0-3-0,0.0,0-2-1,0.0,1-2-0,33.3,66.7,4.0,0,3,0,0,2,1,1,2,0
